"","ID","Advertiser.ID","Media.Plans.Filter...Categories","Campaign.Campaign.Category...Campaign.Category...ID","Campaign.Type","Manager.ID","Management.Percent.Fee","Is.Utm.Enabled","Publish.Period.Start","Budget","Quality.Of.Advertise","Quality.Of.Business","Is.Official","Is.Short.Link.Enabled","Is.Competition.Or.Has.Award"
"1",6095,10378,"آشپزی",16,"INFLUENCE",25,10,"True","2021-07-12",0,5,7,"True","True","False"
"2",6095,10378,"آشپزی",12,"INFLUENCE",25,10,"True","2021-07-12",0,5,7,"True","True","False"
"17",4116,11620,"سبک",20,"REACH",25,10,"True","2021-03-22",0,7,6,"True","True","False"
"28",9065,28107,"سبک",33,"INFLUENCE",54,10,"True","2021-10-24",0,5,6,"True","True","False"
"35",7889,25617,"پوشاک",6,"REACH",16,10,"True","2021-09-19",0,2,2,"True","True","False"
"47",9153,27471,"مالی",19,"REACH",23,10,"True","2021-10-24",0,6,6,"True","True","False"
"53",6264,22215,"خانواده",2,"INFLUENCE",25,10,"True","2021-07-18",0,4,4,"True","True","False"
"54",6264,22215,"خانواده",15,"INFLUENCE",25,10,"True","2021-07-18",0,4,4,"True","True","False"
"68",4964,3349,"خانه",33,"INFLUENCE",5,10,"True","2021-05-19",0,8,8,"True","True","False"
"86",2602,7726,"تکنولوژی",7,"REACH",5,10,"True","2020-12-15",0,8,8,"True","True","False"
"93",2304,6824,"عکاسی",1,"REACH",5,10,"True","2020-12-03",0,7,7,"True","True","False"
"101",3909,6583,"خودرو",6,"REACH",25,10,"True","2021-03-04",0,7,8,"True","True","False"
"104",5227,2869,"آموزش",11,"INFLUENCE",5,10,"True","2021-06-03",0,7,7,"True","True","False"
"113",6444,22591,"آموزش",3,"INFLUENCE",25,10,"True","2021-07-25",0,5,6,"True","True","False"
"123",2785,5617,"خانه",25,"REACH",5,10,"True","2020-12-27",0,8,8,"True","True","False"
"125",2518,4184,"ورزش",20,"REACH",5,10,"True","2020-12-13",0,7,7,"True","True","False"
"126",3710,8204,"آشپزی",12,"INFLUENCE",5,10,"True","2021-02-17",0,7,7,"True","True","False"
"131",2906,3349,"آموزش",31,"REACH",5,10,"True","2021-01-02",0,6,6,"True","True","False"
"148",3490,1436,"سبک",5,"REACH",5,10,"True","2021-02-04",0,7,7,"True","True","False"
"153",3359,9070,"مد",6,"REACH",5,10,"True","2021-01-28",0,6,6,"True","True","False"
"159",2909,7873,"مد",6,"INFLUENCE",5,10,"True","2021-01-06",0,6,6,"True","True","False"
"165",3010,7169,"ورزش",20,"INFLUENCE",5,10,"True","2021-01-21",0,7,7,"True","True","False"
"168",2966,3044,"مد",33,"REACH",5,10,"True","2021-01-05",0,7,7,"True","True","False"
"176",3371,8657,"آشپزی",12,"REACH",5,10,"True","2021-01-30",0,8,6,"True","True","False"
"183",5965,16345,"طنز",8,"REACH",20,10,"True","2021-07-05",0,5,5,"True","True","False"
"186",2980,7657,"آشپزی",16,"INFLUENCE",5,10,"True","2021-01-05",0,7,7,"True","True","False"
"187",2979,8722,"طنز",12,"INFLUENCE",5,10,"True","2021-01-05",0,7,7,"True","True","False"
"189",3430,2656,"مد",12,"REACH",5,10,"True","2021-02-01",0,8,8,"True","True","False"
"192",3540,7550,"خانه",9,"REACH",5,10,"True","2021-02-07",0,7,7,"True","True","False"
"195",6975,22403,"آموزش",25,"REACH",23,10,"True","2021-08-12",0,7,7,"True","True","False"
"196",3471,4660,"مد",1,"REACH",5,10,"True","2021-02-03",0,7,7,"True","True","False"
"198",3453,974,"خودرو",24,"REACH",5,10,"True","2021-02-02",0,7,7,"True","True","False"
"200",3543,3202,"آموزش",26,"REACH",5,10,"True","2021-02-07",0,6,6,"True","True","False"
"201",3983,11442,"آموزش",8,"REACH",5,10,"True","2021-03-10",0,7,7,"True","True","False"
"207",4371,13325,"مد",6,"INFLUENCE",20,10,"True","2021-04-16",0,6,5,"True","True","False"
"237",3800,2248,"مد",12,"REACH",25,10,"True","2021-02-23",0,4,8,"True","True","False"
"241",3834,7316,"سفر",7,"REACH",25,10,"True","2021-02-25",0,5,6,"True","True","False"
"246",3464,392,"آموزش",9,"INFLUENCE",5,10,"True","2021-02-03",0,6,7,"True","True","False"
"247",3755,6022,"فیلم",31,"REACH",25,10,"True","2021-03-04",0,6,7,"True","True","False"
"250",4479,7160,"مد",3,"INFLUENCE",20,10,"True","2021-04-22",0,6,5,"True","True","False"
"252",4359,2768,"آموزش",17,"REACH",5,10,"True","2021-04-15",0,7,3,"True","True","True"
"255",3947,8764,"خانواده",33,"REACH",28,10,"True","2021-03-09",0,5,6,"True","True","False"
"258",3678,392,"آموزش",9,"REACH",5,10,"True","2021-02-26",0,8,8,"True","True","False"
"261",3866,10315,"ورزش",15,"REACH",23,10,"True","2021-03-01",0,4,5,"True","True","False"
"271",4427,13050,"خانه",28,"REACH",28,10,"True","2021-04-20",0,6,5,"True","True","False"
"273",3951,11353,"طنز",31,"REACH",25,10,"True","2021-03-08",0,7,7,"True","True","False"
"275",3719,5953,"اطلاعات",15,"REACH",23,10,"True","2021-02-17",0,3,4,"True","True","False"
"276",3882,11064,"خانواده",33,"INFLUENCE",5,10,"True","2021-03-02",0,6,5,"True","True","False"
"283",3702,10154,"سبک",15,"INFLUENCE",5,10,"True","2021-02-16",0,8,8,"True","True","False"
"284",3883,2248,"سبک",12,"REACH",5,10,"True","2021-03-02",0,5,6,"True","True","False"
"285",3869,8129,"مالی",31,"REACH",25,10,"True","2021-03-03",0,5,7,"True","True","False"
"289",3599,8722,"سبک",6,"REACH",5,10,"True","2021-02-09",0,7,7,"True","True","False"
"297",4392,13325,"مد",6,"INFLUENCE",20,10,"True","2021-04-18",0,6,5,"True","True","False"
"298",4239,11723,"ورزش",20,"REACH",25,10,"True","2021-04-06",0,5,6,"True","True","False"
"303",4131,9651,"مد",6,"INFLUENCE",16,10,"True","2021-03-23",0,5,4,"True","True","False"
"305",3785,5202,"خودرو",24,"REACH",23,10,"True","2021-02-22",0,4,4,"True","True","False"
"307",4365,13022,"آموزش",5,"INFLUENCE",25,10,"True","2021-04-15",0,6,7,"True","True","False"
"308",3830,974,"خودرو",23,"REACH",25,10,"True","2021-02-27",0,7,8,"True","True","True"
"309",4089,11068,"اخبار",14,"REACH",23,10,"True","2021-03-18",0,2,3,"True","True","False"
"316",4395,13050,"خانه",28,"INFLUENCE",28,10,"True","2021-04-18",0,6,5,"True","True","False"
"317",4088,8147,"آشپزی",12,"REACH",23,10,"True","2021-03-18",0,7,7,"True","True","False"
"320",4447,12093,"مد",3,"REACH",28,10,"True","2021-04-20",0,6,5,"True","True","False"
"325",16880,45622,"کتاب",4,"REACH",95,10,"True","2022-03-07",0,7,6,"True","True","True"
"327",3978,11442,"تکنولوژی",8,"REACH",5,10,"False","2021-03-10",0,7,7,"True","True","False"
"330",4342,13082,"خانه",13,"REACH",23,10,"True","2021-04-16",0,3,4,"True","True","False"
"332",7055,23791,"آموزش",34,"REACH",23,10,"True","2021-08-16",0,5,5,"True","True","False"
"333",7055,23791,"آموزش",5,"REACH",23,10,"True","2021-08-16",0,5,5,"True","True","False"
"334",16864,53766,"عمومی",8,"REACH",16,10,"True","2022-03-07",0,6,5,"True","True","False"
"335",7836,24697,"مالی",22,"REACH",23,10,"True","2021-09-14",0,6,6,"True","True","False"
"341",4226,12702,"خانواده",33,"REACH",25,10,"True","2021-04-05",0,5,7,"True","True","False"
"342",4506,8881,"خانواده",2,"REACH",23,10,"True","2021-04-23",0,4,5,"True","True","False"
"344",4082,5917,"اطلاعات",11,"INFLUENCE",5,10,"True","2021-03-17",0,6,6,"True","True","True"
"347",4027,11422,"مد",3,"REACH",23,10,"True","2021-03-12",0,5,5,"True","True","False"
"349",4425,10066,"آشپزی",12,"INFLUENCE",25,10,"True","2021-04-20",0,7,6,"True","True","False"
"350",4011,11463,"ورزش",20,"REACH",23,10,"True","2021-03-15",0,5,6,"True","True","True"
"355",4172,11739,"مالی",19,"REACH",23,10,"True","2021-03-28",0,3,3,"True","True","False"
"357",4323,10066,"آشپزی",12,"INFLUENCE",25,10,"True","2021-04-13",0,7,6,"True","True","False"
"365",5279,16185,"آموزش",27,"REACH",25,10,"True","2021-06-09",0,4,5,"True","True","False"
"366",4327,12746,"مد",3,"INFLUENCE",25,10,"True","2021-04-13",0,5,5,"True","True","False"
"367",4332,13112,"آموزش",8,"REACH",23,10,"True","2021-04-13",0,3,4,"True","True","False"
"369",4473,12093,"مد",31,"INFLUENCE",5,10,"True","2021-04-21",0,4,4,"True","True","False"
"371",4246,9995,"تغذیه",15,"REACH",16,10,"True","2021-04-14",0,6,6,"True","True","False"
"372",4274,13004,"مد",1,"INFLUENCE",20,10,"True","2021-04-09",0,7,5,"True","True","False"
"373",4472,12093,"مد",3,"REACH",28,10,"True","2021-04-21",0,6,5,"True","True","False"
"383",4952,15069,"مد",3,"REACH",23,10,"True","2021-05-19",0,6,2,"True","True","False"
"384",4723,14151,"سبک",1,"REACH",28,10,"True","2021-05-09",0,6,5,"True","True","False"
"398",4611,8323,"خانواده",26,"REACH",5,10,"True","2021-05-06",0,3,5,"True","True","False"
"400",8815,25811,"سبک",1,"REACH",25,10,"True","2021-10-13",0,5,4,"True","True","False"
"404",4478,13700,"مد",6,"REACH",28,10,"True","2021-04-22",0,7,6,"True","True","False"
"405",4537,3045,"مد",15,"INFLUENCE",20,10,"True","2021-04-26",0,7,6,"True","True","True"
"411",8821,9555,"توصیه",3,"INFLUENCE",47,10,"True","2021-10-16",0,4,4,"True","True","False"
"414",5278,16172,"سبک",6,"INFLUENCE",28,10,"True","2021-06-08",0,6,6,"True","True","False"
"415",4351,13310,"آشپزی",6,"INFLUENCE",20,10,"True","2021-04-15",0,6,6,"True","True","False"
"426",5576,14721,"آشپزی",33,"REACH",23,10,"True","2021-06-23",0,4,5,"True","True","False"
"427",4606,9841,"طنز",5,"INFLUENCE",20,10,"True","2021-04-28",0,5,5,"True","True","False"
"440",16516,30806,"طنز",31,"REACH",95,10,"True","2022-03-02",0,5,5,"True","True","False"
"447",4512,11281,"آشپزی",5,"INFLUENCE",5,10,"True","2021-04-25",0,3,4,"True","True","False"
"448",4577,12746,"مد",3,"INFLUENCE",25,10,"True","2021-04-27",0,6,5,"True","True","False"
"456",4622,14198,"روان‌شناسی",2,"REACH",25,10,"True","2021-04-29",0,6,6,"True","True","False"
"461",4661,14314,"اخبار",31,"REACH",25,10,"True","2021-05-03",0,6,7,"True","True","False"
"469",4660,14360,"آموزش",5,"INFLUENCE",20,10,"True","2021-05-02",0,7,6,"True","True","False"
"474",4296,9284,"آشپزی",12,"INFLUENCE",16,10,"True","2021-04-12",0,6,7,"True","True","False"
"486",5277,2869,"تکنولوژی",9,"INFLUENCE",5,10,"True","2021-06-08",0,8,8,"True","True","False"
"503",5272,6793,"عکاسی",13,"INFLUENCE",16,10,"True","2021-06-09",0,6,6,"True","True","False"
"509",4850,3349,"خانه",5,"REACH",5,10,"True","2021-05-16",0,4,6,"True","True","False"
"515",4749,14721,"خانواده",33,"REACH",23,10,"True","2021-05-10",0,3,8,"True","True","False"
"525",5338,4491,"طنز",31,"REACH",20,10,"True","2021-06-13",0,3,3,"True","True","False"
"532",4795,3349,"خانه",33,"INFLUENCE",5,10,"True","2021-05-12",0,7,8,"True","True","False"
"535",4907,10154,"مد",15,"INFLUENCE",5,10,"True","2021-05-17",0,8,8,"True","True","False"
"544",7862,25596,"مالی",19,"REACH",16,10,"True","2021-09-15",0,7,7,"True","True","False"
"545",7862,25596,"مالی",11,"REACH",16,10,"True","2021-09-15",0,7,7,"True","True","False"
"546",5643,16440,"مالی",19,"REACH",23,10,"True","2021-06-28",0,5,5,"True","True","False"
"549",4729,14660,"مد",1,"REACH",28,10,"True","2021-05-09",0,5,5,"True","True","False"
"553",4830,14808,"مد",3,"REACH",28,10,"True","2021-05-13",0,6,6,"True","True","False"
"555",5236,15955,"ورزش",22,"REACH",5,10,"True","2021-06-03",0,5,5,"True","True","False"
"567",4832,12466,"مد",3,"INFLUENCE",25,10,"False","2021-05-13",0,7,6,"True","True","False"
"568",7053,11167,"عکاسی",8,"INFLUENCE",25,10,"True","2021-08-16",0,5,6,"True","True","False"
"572",4834,14909,"مد",3,"REACH",28,10,"True","2021-05-13",0,7,7,"True","True","True"
"576",8873,23588,"سبک",33,"REACH",20,10,"True","2021-10-13",0,6,6,"True","True","False"
"602",5260,15646,"طنز",26,"INFLUENCE",28,10,"True","2021-06-07",0,6,6,"True","True","False"
"603",4778,13507,"مالی",26,"REACH",25,10,"True","2021-05-11",0,5,6,"True","True","False"
"608",5141,13787,"خانواده",16,"REACH",25,10,"True","2021-05-30",0,7,7,"True","True","False"
"609",5141,13787,"خانواده",2,"REACH",25,10,"True","2021-05-30",0,7,7,"True","True","False"
"621",3948,8764,"خانواده",16,"REACH",25,10,"True","2021-03-09",0,5,7,"True","True","False"
"622",5339,11061,"خانواده",21,"REACH",23,10,"True","2021-06-14",0,3,4,"True","True","False"
"623",5339,11061,"خانواده",2,"REACH",23,10,"True","2021-06-14",0,3,4,"True","True","False"
"625",5296,16216,"روان‌شناسی",4,"REACH",25,10,"True","2021-06-12",0,6,8,"True","True","False"
"629",4981,14922,"طنز",6,"REACH",5,10,"True","2021-05-22",0,5,8,"True","True","False"
"638",7437,24632,"مد",3,"INFLUENCE",25,10,"True","2021-09-01",0,3,4,"True","True","False"
"648",6029,21325,"سبک",6,"REACH",25,10,"True","2021-07-08",0,5,5,"True","True","False"
"659",8938,25291,"سبک",15,"INFLUENCE",47,10,"True","2021-10-20",0,4,4,"True","True","False"
"660",5589,18976,"عکاسی",9,"REACH",23,10,"True","2021-06-24",0,5,6,"True","True","False"
"663",5639,10187,"سبک",6,"INFLUENCE",25,10,"True","2021-06-28",0,5,6,"True","True","False"
"666",3873,6757,"آموزش",1,"REACH",25,10,"True","2021-03-01",0,6,6,"True","True","False"
"667",6483,22685,"تکنولوژی",7,"INFLUENCE",25,10,"True","2021-07-26",0,6,5,"True","True","False"
"670",8082,25070,"طراحی",33,"INFLUENCE",25,10,"True","2021-09-21",0,5,7,"True","True","False"
"671",8082,25070,"طراحی",16,"INFLUENCE",25,10,"True","2021-09-21",0,5,7,"True","True","False"
"672",8082,25070,"طراحی",1,"INFLUENCE",25,10,"True","2021-09-21",0,5,7,"True","True","False"
"675",4754,10154,"مد",15,"INFLUENCE",5,10,"True","2021-05-10",0,8,9,"True","True","False"
"679",5194,15622,"آموزش",8,"REACH",28,10,"True","2021-06-02",0,4,5,"True","True","False"
"685",4869,14978,"تکنولوژی",7,"REACH",28,10,"False","2021-05-16",0,9,6,"True","True","False"
"686",4883,15027,"مد",6,"REACH",25,10,"True","2021-05-17",0,5,7,"True","True","False"
"692",5392,11131,"تکنولوژی",9,"INFLUENCE",20,10,"True","2021-06-16",0,5,5,"True","True","False"
"693",5570,3297,"سبک",25,"INFLUENCE",25,10,"True","2021-06-22",0,5,7,"True","True","False"
"694",4921,14660,"آموزش",6,"REACH",28,10,"True","2021-05-18",0,7,6,"True","True","False"
"695",5664,19884,"سبک",12,"REACH",25,10,"True","2021-06-27",0,8,5,"True","True","False"
"697",4505,8881,"خانواده",2,"REACH",23,10,"True","2021-04-23",0,4,5,"True","True","False"
"702",8206,26192,"توصیه",27,"REACH",23,10,"True","2021-10-01",0,6,6,"True","True","False"
"703",8206,26192,"توصیه",9,"REACH",23,10,"True","2021-10-01",0,6,6,"True","True","False"
"704",4750,11300,"آشپزی",13,"INFLUENCE",5,10,"True","2021-05-10",0,8,9,"True","True","False"
"715",5216,14006,"مد",6,"REACH",5,10,"True","2021-06-07",0,6,6,"True","True","False"
"725",5309,16147,"اخبار",14,"REACH",28,10,"True","2021-06-10",0,5,6,"True","True","False"
"730",5213,534,"تغذیه",27,"INFLUENCE",16,10,"True","2021-06-02",0,5,6,"True","True","True"
"731",5213,534,"تغذیه",15,"INFLUENCE",16,10,"True","2021-06-02",0,5,6,"True","True","True"
"732",5213,534,"تغذیه",9,"INFLUENCE",16,10,"True","2021-06-02",0,5,6,"True","True","True"
"733",5213,534,"تغذیه",8,"INFLUENCE",16,10,"True","2021-06-02",0,5,6,"True","True","True"
"737",5996,1197,"مد",3,"INFLUENCE",25,10,"True","2021-07-08",0,5,6,"True","True","False"
"738",5996,1197,"مد",35,"INFLUENCE",25,10,"True","2021-07-08",0,5,6,"True","True","False"
"748",4916,13163,"مالی",26,"REACH",23,10,"True","2021-05-17",0,9,8,"True","True","False"
"751",8065,13945,"مادر",26,"REACH",25,10,"False","2021-09-26",0,3,4,"True","True","False"
"752",6955,21659,"آموزش",5,"REACH",5,10,"True","2021-08-11",0,5,5,"True","True","False"
"753",5718,19767,"مد",6,"REACH",28,10,"True","2021-06-28",0,7,6,"True","True","False"
"755",5925,16421,"خانواده",15,"REACH",20,10,"True","2021-07-05",0,5,5,"True","True","False"
"756",5925,16421,"خانواده",3,"REACH",20,10,"True","2021-07-05",0,5,5,"True","True","False"
"763",5280,1547,"اخبار",28,"REACH",16,10,"True","2021-06-09",0,7,7,"True","True","False"
"768",5154,11635,"مد",9,"INFLUENCE",25,10,"True","2021-06-01",0,5,5,"True","True","False"
"769",5154,11635,"مد",5,"INFLUENCE",25,10,"True","2021-06-01",0,5,5,"True","True","False"
"784",5316,16172,"سرگرمی",6,"REACH",28,10,"True","2021-06-11",0,6,5,"True","True","False"
"798",6401,22114,"خانواده",7,"REACH",23,10,"True","2021-07-22",0,6,6,"True","True","False"
"799",6401,22114,"خانواده",9,"REACH",23,10,"True","2021-07-22",0,6,6,"True","True","False"
"800",6401,22114,"خانواده",2,"REACH",23,10,"True","2021-07-22",0,6,6,"True","True","False"
"809",6327,22126,"آموزش",9,"REACH",23,10,"True","2021-07-20",0,8,7,"True","True","False"
"810",6723,22607,"روان‌شناسی",8,"REACH",23,10,"True","2021-08-08",0,6,6,"True","True","False"
"811",5325,9025,"مد",15,"REACH",5,10,"True","2021-06-12",0,7,6,"True","True","False"
"812",5325,9025,"مد",3,"REACH",5,10,"True","2021-06-12",0,7,6,"True","True","False"
"814",6199,22083,"سبک",3,"REACH",20,10,"True","2021-07-15",0,5,5,"True","True","True"
"822",4958,15168,"آشپزی",3,"INFLUENCE",5,10,"True","2021-05-19",0,8,6,"True","True","False"
"824",5486,3853,"آموزش",8,"INFLUENCE",20,10,"True","2021-06-21",0,3,4,"True","True","False"
"825",5297,16239,"روان‌شناسی",27,"REACH",28,10,"True","2021-06-14",0,4,6,"True","True","False"
"830",5487,3853,"مالی",8,"INFLUENCE",20,10,"True","2021-06-21",0,3,4,"True","True","False"
"831",5391,11131,"تکنولوژی",9,"INFLUENCE",20,10,"True","2021-06-16",0,4,5,"True","True","False"
"832",5489,17299,"سرگرمی",9,"REACH",28,10,"False","2021-06-18",0,5,5,"True","True","False"
"833",5489,17299,"سرگرمی",10,"REACH",28,10,"False","2021-06-18",0,5,5,"True","True","False"
"843",5490,17329,"خانه",33,"INFLUENCE",25,10,"True","2021-06-18",0,6,8,"True","True","False"
"844",5490,17329,"خانه",16,"INFLUENCE",25,10,"True","2021-06-18",0,6,8,"True","True","False"
"845",5491,17359,"سفر",12,"INFLUENCE",25,10,"True","2021-06-18",0,6,8,"True","True","False"
"846",5834,2926,"سبک",33,"INFLUENCE",20,10,"True","2021-07-23",0,6,6,"True","True","False"
"847",6166,22023,"مد",3,"INFLUENCE",25,10,"True","2021-07-25",0,6,3,"True","True","False"
"848",5547,13365,"آموزش",26,"REACH",23,10,"True","2021-06-21",0,6,6,"True","True","False"
"849",5547,13365,"آموزش",8,"REACH",23,10,"True","2021-06-21",0,6,6,"True","True","False"
"853",5573,9942,"اخبار",31,"REACH",16,10,"True","2021-06-26",0,7,6,"True","True","False"
"863",6172,14405,"خانواده",20,"REACH",23,10,"True","2021-07-14",0,6,6,"True","True","True"
"864",6172,14405,"خانواده",7,"REACH",23,10,"True","2021-07-14",0,6,6,"True","True","True"
"865",6172,14405,"خانواده",9,"REACH",23,10,"True","2021-07-14",0,6,6,"True","True","True"
"866",6987,11167,"عکاسی",8,"INFLUENCE",25,10,"True","2021-08-13",0,6,5,"True","True","False"
"867",5168,11628,"آموزش",11,"REACH",25,10,"True","2021-05-31",0,6,7,"True","True","False"
"869",6203,16345,"طنز",8,"INFLUENCE",20,10,"True","2021-07-15",0,5,5,"True","True","False"
"871",5540,18161,"آشپزی",16,"REACH",16,10,"True","2021-06-22",0,3,4,"True","True","False"
"872",5540,18161,"آشپزی",28,"REACH",16,10,"True","2021-06-22",0,3,4,"True","True","False"
"881",12070,28797,"مدلینگ",6,"REACH",71,10,"True","2021-12-20",0,7,5,"True","True","False"
"882",7328,23365,"آشپزی",7,"REACH",16,10,"True","2021-08-27",0,7,7,"True","True","True"
"883",7328,23365,"آشپزی",2,"REACH",16,10,"True","2021-08-27",0,7,7,"True","True","True"
"892",6275,20373,"سفر",31,"INFLUENCE",25,10,"True","2021-07-18",0,4,5,"True","True","False"
"893",6275,20373,"سفر",26,"INFLUENCE",25,10,"True","2021-07-18",0,4,5,"True","True","False"
"894",6275,20373,"سفر",4,"INFLUENCE",25,10,"True","2021-07-18",0,4,5,"True","True","False"
"896",5591,13624,"مد",3,"REACH",25,10,"True","2021-06-24",0,5,7,"True","True","False"
"897",4030,5917,"اطلاعات",11,"INFLUENCE",5,10,"True","2021-03-19",0,6,6,"True","True","True"
"898",3476,9282,"خانواده",15,"REACH",5,10,"True","2021-02-04",0,7,7,"True","True","False"
"903",3025,8246,"اخبار",24,"REACH",5,10,"True","2021-01-08",0,7,8,"True","True","False"
"911",2799,6547,"خودرو",24,"REACH",5,10,"True","2020-12-26",0,7,7,"True","True","False"
"917",6202,22030,"سبک",12,"INFLUENCE",25,10,"True","2021-07-24",0,5,7,"True","True","False"
"919",5737,10859,"ورزش",19,"REACH",16,10,"True","2021-07-05",0,7,7,"True","True","False"
"920",5737,10859,"ورزش",11,"REACH",16,10,"True","2021-07-05",0,7,7,"True","True","False"
"928",17188,31766,"سفر",20,"INFLUENCE",86,10,"True","2022-04-02",0,6,6,"True","True","False"
"934",5758,15754,"مد",6,"REACH",25,10,"True","2021-06-29",0,6,6,"True","True","False"
"940",5689,1697,"تکنولوژی",9,"REACH",5,10,"True","2021-06-28",0,6,6,"True","True","False"
"941",5674,16421,"آشپزی",3,"REACH",25,10,"True","2021-06-28",0,5,6,"True","True","False"
"945",7785,23360,"مادر",2,"INFLUENCE",47,10,"True","2021-09-15",0,5,5,"True","True","False"
"950",7948,24372,"سبک",3,"REACH",47,10,"True","2021-09-18",0,3,3,"True","True","False"
"951",5846,2869,"آموزش",7,"REACH",5,10,"True","2021-07-03",0,6,6,"True","True","False"
"952",5846,2869,"آموزش",5,"REACH",5,10,"True","2021-07-03",0,6,6,"True","True","False"
"954",5845,6049,"آشپزی",9,"REACH",5,10,"True","2021-07-01",0,7,7,"True","True","False"
"955",5845,6049,"آشپزی",12,"REACH",5,10,"True","2021-07-01",0,7,7,"True","True","False"
"958",7386,24523,"آموزش",3,"INFLUENCE",47,10,"True","2021-08-30",0,6,6,"True","True","False"
"959",6142,21848,"خانه",33,"INFLUENCE",20,10,"True","2021-07-14",0,7,6,"True","True","False"
"960",5625,18843,"خودرو",24,"REACH",5,10,"True","2021-06-26",0,8,7,"True","True","False"
"964",5850,15280,"سبک",6,"INFLUENCE",25,10,"True","2021-07-02",0,6,6,"True","True","False"
"966",6034,21749,"مد",3,"REACH",5,10,"True","2021-07-09",0,6,6,"True","True","False"
"970",6297,17432,"آموزش",5,"REACH",28,10,"True","2021-07-19",0,5,6,"True","True","False"
"971",7787,13268,"تکنولوژی",31,"INFLUENCE",25,10,"True","2021-09-19",0,4,4,"True","True","False"
"978",5610,13630,"سبک",3,"INFLUENCE",20,10,"True","2021-06-25",0,5,2,"True","True","False"
"979",7656,25114,"آموزش",9,"INFLUENCE",25,10,"True","2021-09-08",0,4,6,"True","True","False"
"980",7193,19922,"سبک",15,"REACH",5,10,"True","2021-08-22",0,5,5,"True","True","False"
"984",6747,4128,"ورزش",20,"REACH",5,10,"True","2021-08-04",0,6,5,"True","True","False"
"991",7879,25478,"دانستنی",20,"REACH",16,10,"True","2021-09-15",0,7,6,"True","True","False"
"1001",16458,50855,"مادر",31,"REACH",69,10,"True","2022-03-01",0,7,7,"True","True","False"
"1005",6336,22381,"ورزش",28,"REACH",28,10,"True","2021-07-20",0,5,6,"True","True","False"
"1007",6338,14757,"آموزش",5,"INFLUENCE",25,10,"True","2021-07-24",0,3,3,"True","True","False"
"1020",5881,20970,"مد",31,"REACH",16,10,"True","2021-07-02",0,7,9,"True","True","True"
"1021",5881,20970,"مد",6,"REACH",16,10,"True","2021-07-02",0,7,9,"True","True","True"
"1025",6911,22952,"تکنولوژی",10,"INFLUENCE",25,10,"True","2021-08-10",0,3,4,"True","True","False"
"1033",6964,711,"ورزش",6,"REACH",16,10,"True","2021-08-12",0,6,6,"True","True","False"
"1034",6965,23525,"تکنولوژی",8,"REACH",25,10,"True","2021-08-12",0,3,4,"True","True","False"
"1036",6020,7616,"طنز",10,"REACH",5,10,"True","2021-07-08",0,8,8,"True","True","False"
"1044",8500,25618,"سبک",26,"INFLUENCE",47,10,"True","2021-10-05",0,4,4,"True","True","False"
"1050",6963,5805,"تغذیه",15,"REACH",5,10,"True","2021-08-21",0,8,7,"True","True","False"
"1055",6131,21812,"زبان",4,"REACH",28,10,"True","2021-07-13",0,6,6,"True","True","True"
"1057",6995,23588,"سبک",33,"REACH",20,10,"True","2021-08-13",0,6,6,"True","True","False"
"1058",6995,23588,"سبک",16,"REACH",20,10,"True","2021-08-13",0,6,6,"True","True","False"
"1059",6995,23588,"سبک",1,"REACH",20,10,"True","2021-08-13",0,6,6,"True","True","False"
"1065",6235,15527,"طنز",7,"REACH",25,10,"True","2021-07-22",0,5,6,"True","True","False"
"1071",6770,1438,"تکنولوژی",33,"INFLUENCE",25,10,"True","2021-08-09",0,3,5,"True","True","False"
"1072",6770,1438,"تکنولوژی",9,"INFLUENCE",25,10,"True","2021-08-09",0,3,5,"True","True","False"
"1079",10497,30813,"خانواده",2,"REACH",47,10,"True","2021-11-27",0,5,5,"True","True","False"
"1081",6345,13755,"آموزش",5,"INFLUENCE",20,10,"True","2021-07-24",0,5,6,"True","True","False"
"1082",6326,22014,"مد",3,"INFLUENCE",25,10,"True","2021-07-20",0,5,5,"True","True","False"
"1083",8062,18976,"سینما",10,"REACH",23,10,"True","2021-09-22",0,5,6,"True","True","False"
"1084",6344,22215,"خانواده",15,"REACH",25,10,"True","2021-07-20",0,3,3,"True","True","False"
"1100",6293,21749,"خانواده",3,"REACH",25,10,"True","2021-07-18",0,4,4,"True","True","False"
"1105",6458,22550,"مد",3,"REACH",28,10,"True","2021-07-25",0,4,6,"True","True","False"
"1107",7452,12584,"طنز",8,"REACH",5,10,"True","2021-09-07",0,5,5,"True","True","False"
"1109",6250,22126,"آموزش",5,"INFLUENCE",25,10,"True","2021-07-17",0,5,5,"True","True","False"
"1110",6248,20618,"آشپزی",12,"INFLUENCE",25,10,"True","2021-07-27",0,5,5,"True","True","False"
"1122",6637,11694,"آموزش",19,"REACH",23,10,"True","2021-08-01",0,7,7,"True","True","False"
"1129",7449,10859,"مالی",19,"REACH",16,10,"True","2021-09-01",0,7,7,"True","True","False"
"1130",7449,10859,"مالی",11,"REACH",16,10,"True","2021-09-01",0,7,7,"True","True","False"
"1132",8433,21553,"مادر",12,"INFLUENCE",25,10,"True","2021-10-09",0,5,7,"True","True","False"
"1136",6653,22965,"مد",6,"INFLUENCE",20,10,"True","2021-08-01",0,6,6,"True","True","False"
"1140",6730,18138,"عکاسی",7,"INFLUENCE",25,10,"True","2021-08-04",0,5,5,"True","True","False"
"1142",7263,23104,"سرگرمی",22,"INFLUENCE",47,10,"True","2021-08-25",0,7,7,"True","True","False"
"1148",7966,19428,"مادر",15,"INFLUENCE",47,10,"True","2021-09-19",0,6,6,"True","True","False"
"1151",6502,18976,"طنز",1,"REACH",23,10,"True","2021-07-28",0,6,6,"True","True","False"
"1161",6358,22215,"خانواده",2,"REACH",25,10,"True","2021-07-20",0,4,4,"True","True","False"
"1165",7160,12810,"مد",34,"REACH",25,10,"True","2021-08-21",0,5,4,"True","True","False"
"1166",7160,12810,"مد",5,"REACH",25,10,"True","2021-08-21",0,5,4,"True","True","False"
"1171",8868,12633,"پوشاک",3,"INFLUENCE",25,10,"True","2021-10-16",0,3,4,"True","True","False"
"1172",8868,12633,"پوشاک",6,"INFLUENCE",25,10,"True","2021-10-16",0,3,4,"True","True","False"
"1181",7191,14858,"مد",15,"REACH",47,10,"True","2021-08-23",0,6,5,"True","True","False"
"1182",7191,14858,"مد",3,"REACH",47,10,"True","2021-08-23",0,6,5,"True","True","False"
"1185",7200,23658,"مالی",19,"REACH",16,10,"True","2021-08-23",0,0,5,"True","True","False"
"1187",7163,23835,"مد",6,"REACH",20,10,"True","2021-08-20",0,5,5,"True","True","False"
"1190",7196,24098,"طنز",24,"REACH",16,10,"True","2021-08-23",0,5,5,"True","True","True"
"1191",7196,24098,"طنز",9,"REACH",16,10,"True","2021-08-23",0,5,5,"True","True","True"
"1192",7164,23974,"آموزش",27,"INFLUENCE",25,10,"True","2021-08-20",0,4,4,"True","True","False"
"1193",7164,23974,"آموزش",5,"INFLUENCE",25,10,"True","2021-08-20",0,4,4,"True","True","False"
"1194",6306,16521,"مالی",19,"REACH",28,10,"True","2021-07-19",0,7,6,"True","True","False"
"1198",6374,13796,"خانواده",35,"REACH",25,10,"True","2021-07-20",0,4,4,"True","True","False"
"1199",6374,13796,"خانواده",3,"REACH",25,10,"True","2021-07-20",0,4,4,"True","True","False"
"1201",6718,23117,"آموزش",34,"INFLUENCE",25,10,"True","2021-08-03",0,4,5,"True","True","False"
"1202",6718,23117,"آموزش",5,"INFLUENCE",25,10,"True","2021-08-03",0,4,5,"True","True","False"
"1203",5626,16418,"تکنولوژی",7,"INFLUENCE",20,10,"True","2021-07-19",0,6,6,"True","True","True"
"1204",6373,22418,"تکنولوژی",10,"INFLUENCE",25,10,"True","2021-07-20",0,3,6,"True","True","False"
"1205",6373,22418,"تکنولوژی",7,"INFLUENCE",25,10,"True","2021-07-20",0,3,6,"True","True","False"
"1211",7723,15582,"سبک",31,"INFLUENCE",25,10,"False","2021-09-12",0,5,5,"True","True","False"
"1212",7723,15582,"سبک",35,"INFLUENCE",25,10,"False","2021-09-12",0,5,5,"True","True","False"
"1213",7723,15582,"سبک",3,"INFLUENCE",25,10,"False","2021-09-12",0,5,5,"True","True","False"
"1221",7394,11300,"خانه",13,"INFLUENCE",47,10,"True","2021-09-02",0,7,8,"True","True","False"
"1223",6382,11520,"آموزش",34,"INFLUENCE",25,10,"True","2021-07-21",0,4,6,"True","True","False"
"1239",6790,1907,"آموزش",9,"REACH",16,10,"True","2021-08-07",0,8,7,"True","True","True"
"1242",7450,10859,"آموزش",19,"REACH",16,10,"True","2021-09-01",0,6,7,"True","True","False"
"1243",7450,10859,"آموزش",11,"REACH",16,10,"True","2021-09-01",0,6,7,"True","True","False"
"1253",7168,21949,"آموزش",34,"INFLUENCE",25,10,"True","2021-08-21",0,6,6,"True","True","False"
"1254",7168,21949,"آموزش",5,"INFLUENCE",25,10,"True","2021-08-21",0,6,6,"True","True","False"
"1262",6890,1991,"روان‌شناسی",31,"REACH",5,10,"True","2021-08-12",0,7,7,"True","True","False"
"1275",8438,21892,"مادر",3,"INFLUENCE",47,10,"True","2021-10-09",0,6,5,"True","True","False"
"1277",5211,15463,"مد",3,"INFLUENCE",16,10,"True","2021-06-02",0,4,6,"True","True","False"
"1280",6679,23039,"ورزش",20,"REACH",25,10,"True","2021-08-02",0,5,6,"True","True","False"
"1281",6679,23039,"ورزش",16,"REACH",25,10,"True","2021-08-02",0,5,6,"True","True","False"
"1292",7519,24382,"آشپزی",16,"INFLUENCE",25,10,"True","2021-09-04",0,4,4,"True","True","False"
"1293",7519,24382,"آشپزی",1,"INFLUENCE",25,10,"True","2021-09-04",0,4,4,"True","True","False"
"1300",7000,7488,"تکنولوژی",7,"REACH",5,10,"True","2021-08-13",0,5,6,"True","True","False"
"1303",6794,23266,"مد",3,"REACH",28,10,"True","2021-08-06",0,4,5,"True","True","False"
"1305",8440,26621,"یادگیری",10,"REACH",47,10,"True","2021-10-03",0,4,4,"True","True","False"
"1306",8880,25569,"مادر",27,"REACH",47,10,"True","2021-10-14",0,4,4,"True","True","False"
"1307",8880,25569,"مادر",15,"REACH",47,10,"True","2021-10-14",0,4,4,"True","True","False"
"1315",8080,4818,"سبک",3,"REACH",25,10,"True","2021-09-26",0,3,4,"True","True","False"
"1324",6613,22030,"آشپزی",12,"INFLUENCE",25,10,"True","2021-08-07",0,3,4,"True","True","False"
"1333",6089,21911,"مد",3,"REACH",25,10,"True","2021-07-14",0,7,5,"True","True","False"
"1340",17257,52407,"بازی",8,"INFLUENCE",54,10,"True","2022-03-16",0,4,3,"True","True","False"
"1341",9070,6251,"آموزش",9,"INFLUENCE",25,10,"True","2021-10-23",0,5,5,"True","True","False"
"1342",9070,6251,"آموزش",5,"INFLUENCE",25,10,"True","2021-10-23",0,5,5,"True","True","False"
"1345",6705,22414,"خانواده",16,"REACH",25,10,"True","2021-08-03",0,6,5,"True","True","False"
"1355",8352,3341,"آموزش",27,"REACH",16,10,"True","2021-10-09",0,4,3,"True","True","False"
"1356",6934,22203,"زبان",9,"REACH",16,10,"True","2021-08-11",0,7,6,"True","True","False"
"1357",6934,22203,"زبان",4,"REACH",16,10,"True","2021-08-11",0,7,6,"True","True","False"
"1367",7248,12810,"طنز",5,"INFLUENCE",47,10,"True","2021-08-24",0,4,4,"True","True","False"
"1371",7357,23266,"تغذیه",3,"REACH",23,10,"False","2021-08-29",0,6,6,"True","True","False"
"1377",7847,24681,"اخبار",31,"REACH",23,10,"True","2021-09-15",0,6,6,"True","True","False"
"1378",7847,24681,"اخبار",14,"REACH",23,10,"True","2021-09-15",0,6,6,"True","True","False"
"1379",6528,21553,"آشپزی",12,"INFLUENCE",20,10,"True","2021-07-29",0,6,7,"True","True","False"
"1383",7308,3606,"روان‌شناسی",27,"REACH",16,10,"True","2021-08-26",0,5,4,"True","True","False"
"1395",7083,21996,"ورزش",6,"REACH",16,10,"True","2021-08-22",0,5,5,"True","True","False"
"1396",8308,21812,"کتاب",31,"REACH",23,10,"True","2021-09-26",0,6,6,"True","True","True"
"1397",8308,21812,"کتاب",2,"REACH",23,10,"True","2021-09-26",0,6,6,"True","True","True"
"1402",7470,23757,"خانواده",6,"REACH",23,10,"True","2021-09-02",0,7,6,"True","True","False"
"1409",6968,22607,"مد",31,"REACH",23,10,"True","2021-08-12",0,6,7,"True","True","False"
"1411",7004,22651,"خانواده",1,"REACH",23,10,"True","2021-08-14",0,7,7,"True","True","False"
"1412",7004,22651,"خانواده",33,"REACH",23,10,"True","2021-08-14",0,7,7,"True","True","False"
"1418",8314,26415,"سینما",8,"REACH",16,10,"True","2021-09-26",0,7,5,"True","True","False"
"1426",7995,25362,"مادر",2,"REACH",47,10,"True","2021-09-19",0,2,3,"True","True","False"
"1435",6472,21995,"زبان",6,"REACH",20,10,"True","2021-07-26",0,5,6,"True","True","False"
"1442",6467,22651,"خانواده",13,"REACH",25,10,"False","2021-07-25",0,4,5,"True","True","False"
"1443",6467,22651,"خانواده",33,"REACH",25,10,"False","2021-07-25",0,4,5,"True","True","False"
"1444",6467,22651,"خانواده",1,"REACH",25,10,"False","2021-07-25",0,4,5,"True","True","False"
"1451",6856,23160,"خانواده",27,"REACH",28,10,"True","2021-08-09",0,4,5,"True","True","False"
"1453",7983,25070,"مادر",16,"INFLUENCE",25,10,"True","2021-09-19",0,5,6,"True","True","False"
"1454",7152,21659,"آموزش",5,"REACH",5,10,"False","2021-09-16",0,4,4,"True","True","False"
"1458",6905,23480,"خانه",16,"INFLUENCE",25,10,"True","2021-08-21",0,4,5,"True","True","False"
"1459",6905,23480,"خانه",1,"INFLUENCE",25,10,"True","2021-08-21",0,4,5,"True","True","False"
"1460",6905,23480,"خانه",33,"INFLUENCE",25,10,"True","2021-08-21",0,4,5,"True","True","False"
"1470",7888,11167,"عکاسی",9,"INFLUENCE",47,10,"True","2021-09-15",0,3,4,"True","True","False"
"1471",7888,11167,"عکاسی",8,"INFLUENCE",47,10,"True","2021-09-15",0,3,4,"True","True","False"
"1475",7288,21799,"خانواده",6,"REACH",23,10,"True","2021-08-25",0,6,6,"True","True","False"
"1476",7288,21799,"خانواده",2,"REACH",23,10,"True","2021-08-25",0,6,6,"True","True","False"
"1487",7327,23196,"یادگیری",34,"INFLUENCE",25,10,"True","2021-09-13",0,2,3,"True","True","False"
"1495",6861,22099,"آشپزی",12,"REACH",23,10,"True","2021-08-09",0,7,7,"True","True","False"
"1496",6861,22099,"آشپزی",8,"REACH",23,10,"True","2021-08-09",0,7,7,"True","True","False"
"1497",8086,21812,"کتاب",2,"REACH",25,10,"True","2021-09-21",0,4,5,"True","True","False"
"1498",8086,21812,"کتاب",4,"REACH",25,10,"True","2021-09-21",0,4,5,"True","True","False"
"1501",6713,22520,"مد",3,"INFLUENCE",20,10,"True","2021-08-03",0,5,6,"True","True","False"
"1503",6400,711,"ورزش",6,"REACH",16,10,"True","2021-07-21",0,4,4,"True","True","False"
"1504",7094,4522,"مالی",19,"REACH",16,10,"True","2021-08-17",0,6,5,"True","True","False"
"1505",7094,4522,"مالی",8,"REACH",16,10,"True","2021-08-17",0,6,5,"True","True","False"
"1506",6716,23066,"خانواده",33,"REACH",20,10,"True","2021-08-03",0,5,6,"True","True","False"
"1537",7627,23924,"خانواده",18,"REACH",25,10,"True","2021-09-07",0,6,5,"True","True","False"
"1551",7155,13796,"آموزش",8,"REACH",28,0,"True","2021-08-18",0,6,6,"True","True","False"
"1552",7155,13796,"آموزش",5,"REACH",28,0,"True","2021-08-18",0,6,6,"True","True","False"
"1554",7730,13694,"سفر",15,"INFLUENCE",25,10,"True","2021-09-18",0,5,7,"True","True","False"
"1566",7418,23609,"تغذیه",20,"REACH",23,10,"True","2021-08-31",0,7,7,"True","True","False"
"1567",7418,23609,"تغذیه",8,"REACH",23,10,"True","2021-08-31",0,7,7,"True","True","False"
"1582",8289,12847,"پوشاک",6,"REACH",25,10,"True","2021-09-26",0,4,4,"True","True","False"
"1592",8118,24324,"طنز",6,"REACH",16,10,"True","2021-09-22",0,7,6,"True","True","False"
"1594",8491,3877,"طنز",8,"INFLUENCE",20,10,"True","2021-10-04",0,5,5,"True","True","False"
"1599",7927,25391,"آموزش",34,"REACH",25,10,"True","2021-09-18",0,3,4,"True","True","False"
"1600",7464,24697,"خودرو",22,"REACH",23,10,"True","2021-09-01",0,7,7,"True","True","False"
"1603",7926,25391,"آموزش",34,"REACH",25,10,"True","2021-09-16",0,4,4,"True","True","False"
"1605",7461,24541,"خانواده",2,"INFLUENCE",47,10,"True","2021-09-06",0,6,6,"True","True","False"
"1622",8479,26385,"رستوران",3,"REACH",16,10,"True","2021-10-02",0,6,6,"True","True","False"
"1625",8442,15732,"سبک",3,"REACH",47,10,"True","2021-09-30",0,3,3,"True","True","False"
"1626",8443,15732,"سبک",15,"REACH",47,10,"True","2021-09-30",0,5,5,"True","True","False"
"1627",8443,15732,"سبک",3,"REACH",47,10,"True","2021-09-30",0,5,5,"True","True","False"
"1628",9027,14083,"سبک",4,"INFLUENCE",54,10,"True","2021-10-28",0,4,4,"True","True","True"
"1633",7943,24112,"آموزش",34,"INFLUENCE",25,10,"True","2021-09-18",0,3,3,"True","True","False"
"1639",8378,25735,"مادر",3,"REACH",23,10,"True","2021-09-29",0,6,6,"True","True","False"
"1640",7049,20643,"مد",20,"REACH",5,10,"True","2021-08-15",0,6,6,"True","True","False"
"1641",7049,20643,"مد",15,"REACH",5,10,"True","2021-08-15",0,6,6,"True","True","False"
"1642",9265,22502,"سبک",3,"INFLUENCE",54,10,"True","2021-11-04",0,4,5,"True","True","False"
"1644",8452,24984,"سبک",3,"REACH",25,10,"True","2021-09-30",0,4,7,"True","True","True"
"1645",8452,24984,"سبک",16,"REACH",25,10,"True","2021-09-30",0,4,7,"True","True","True"
"1647",8789,27089,"مالی",9,"REACH",23,10,"True","2021-10-11",0,7,6,"True","True","False"
"1648",9268,28534,"توصیه",15,"INFLUENCE",54,10,"False","2021-10-30",0,4,3,"True","True","False"
"1653",8589,4000,"آموزش",8,"REACH",5,10,"True","2021-10-09",0,8,7,"True","True","False"
"1654",7793,12847,"آموزش",6,"REACH",16,10,"True","2021-09-13",0,6,6,"True","True","False"
"1655",11796,6561,"مادر",31,"REACH",5,10,"True","2021-12-19",0,8,8,"True","True","False"
"1659",7740,21892,"سبک",3,"INFLUENCE",47,10,"True","2021-09-18",0,5,5,"True","True","True"
"1673",7406,11743,"آموزش",8,"REACH",23,10,"True","2021-08-31",0,7,7,"True","True","False"
"1674",7406,11743,"آموزش",34,"REACH",23,10,"True","2021-08-31",0,7,7,"True","True","False"
"1681",8714,11021,"تکنولوژی",29,"REACH",5,10,"True","2021-10-09",0,8,8,"True","True","False"
"1683",7273,21996,"ورزش",20,"REACH",25,10,"True","2021-08-25",0,5,6,"True","True","False"
"1684",7273,21996,"ورزش",6,"REACH",25,10,"True","2021-08-25",0,5,6,"True","True","False"
"1686",6887,4033,"آشپزی",12,"REACH",20,10,"True","2021-08-10",0,6,9,"True","True","True"
"1703",8664,23954,"تکنولوژی",28,"REACH",16,10,"True","2021-10-07",0,7,7,"True","True","False"
"1704",14615,19729,"طنز",12,"REACH",86,10,"True","2022-01-31",0,6,7,"True","True","False"
"1711",8099,16290,"مادر",6,"REACH",16,10,"True","2021-09-21",0,5,5,"True","True","False"
"1713",8790,27532,"توصیه",15,"REACH",16,10,"True","2021-10-12",0,5,5,"True","True","False"
"1720",13931,15902,"پزشکی",15,"REACH",69,10,"True","2022-01-19",0,7,6,"True","True","True"
"1721",7575,11300,"خانه",13,"INFLUENCE",47,10,"True","2021-09-08",0,6,7,"True","True","False"
"1723",8264,7402,"آموزش",8,"REACH",16,10,"True","2021-09-26",0,6,6,"True","True","False"
"1732",9075,28114,"آموزش",5,"REACH",5,10,"False","2021-10-20",0,7,7,"True","True","False"
"1733",9075,28114,"آموزش",8,"REACH",5,10,"False","2021-10-20",0,7,7,"True","True","False"
"1745",8668,4818,"سبک",3,"INFLUENCE",25,10,"True","2021-10-10",0,5,6,"True","True","False"
"1746",8752,24231,"سبک",6,"INFLUENCE",25,10,"True","2021-10-13",0,5,6,"True","True","False"
"1747",8721,8492,"سفر",15,"REACH",47,10,"True","2021-10-10",0,3,3,"True","True","False"
"1777",8613,27009,"مالی",5,"REACH",5,10,"True","2021-10-05",0,6,6,"True","True","False"
"1782",7818,13047,"تکنولوژی",7,"REACH",5,10,"True","2021-09-15",0,7,7,"True","True","False"
"1791",8134,21988,"آموزش",8,"REACH",23,10,"True","2021-09-22",0,6,6,"True","True","False"
"1792",8134,21988,"آموزش",34,"REACH",23,10,"True","2021-09-22",0,6,6,"True","True","False"
"1796",10233,30247,"آرایشی",3,"REACH",57,10,"True","2021-11-22",0,6,7,"True","True","False"
"1800",7591,21589,"آشپزی",12,"INFLUENCE",25,10,"True","2021-09-08",0,5,4,"True","True","False"
"1806",7620,21988,"آموزش",8,"REACH",23,10,"True","2021-09-06",0,6,6,"True","True","False"
"1807",7620,21988,"آموزش",34,"REACH",23,10,"True","2021-09-06",0,6,6,"True","True","False"
"1813",8588,19729,"رستوران",12,"REACH",47,10,"True","2021-10-09",0,7,7,"True","True","False"
"1814",8368,22232,"پوشاک",6,"INFLUENCE",25,10,"True","2021-10-30",0,4,4,"True","True","False"
"1815",8327,25735,"مادر",3,"REACH",23,10,"True","2021-09-27",0,6,6,"True","True","False"
"1818",8370,12573,"مالی",31,"REACH",23,10,"True","2021-09-30",0,6,4,"True","True","False"
"1822",8586,26316,"روان‌شناسی",27,"REACH",16,10,"True","2021-10-09",0,7,7,"True","True","False"
"1824",9007,11801,"طنز",5,"REACH",28,0,"True","2021-10-18",0,5,5,"True","True","False"
"1835",7625,24571,"آموزش",4,"REACH",5,10,"True","2021-09-07",0,6,6,"True","True","False"
"1840",7872,25114,"دانستنی",11,"INFLUENCE",47,10,"True","2021-09-15",0,5,5,"True","True","False"
"1841",9080,28156,"سبک",3,"REACH",54,10,"True","2021-10-20",0,3,2,"True","True","True"
"1855",11406,33230,"سبک",33,"REACH",25,10,"False","2021-12-09",0,5,5,"True","True","False"
"1856",3489,7734,"آموزش",8,"REACH",5,10,"True","2021-02-06",0,8,8,"True","True","False"
"1857",8899,27731,"پوشاک",1,"INFLUENCE",25,10,"True","2021-10-18",0,6,8,"True","True","False"
"1858",9049,27028,"آموزش",8,"REACH",23,10,"True","2021-10-19",0,6,6,"True","True","True"
"1859",9049,27028,"آموزش",34,"REACH",23,10,"True","2021-10-19",0,6,6,"True","True","True"
"1861",8340,23371,"اخبار",9,"REACH",5,10,"True","2021-09-27",0,7,7,"True","True","False"
"1862",8419,26092,"مادر",2,"INFLUENCE",47,10,"True","2021-10-02",0,4,4,"True","True","False"
"1872",9089,26079,"مادر",6,"INFLUENCE",54,10,"True","2021-10-24",0,4,5,"True","True","False"
"1874",8550,23360,"مادر",2,"INFLUENCE",47,10,"True","2021-10-10",0,4,4,"True","True","False"
"1891",8959,17828,"رستوران",15,"REACH",54,10,"False","2021-10-19",0,5,4,"True","True","True"
"1892",8959,17828,"رستوران",3,"REACH",54,10,"False","2021-10-19",0,5,4,"True","True","True"
"1906",9164,9543,"آموزش",27,"REACH",16,10,"True","2021-10-24",0,7,7,"True","True","False"
"1907",8596,23210,"مادر",15,"REACH",23,10,"True","2021-10-12",0,6,6,"True","True","False"
"1908",10873,32565,"پوشاک",6,"INFLUENCE",47,10,"False","2021-12-07",0,4,4,"True","True","True"
"1920",18063,52291,"یادگیری",5,"REACH",95,10,"True","2022-04-08",0,6,4,"True","True","False"
"1934",16150,53852,"مالی",25,"REACH",67,10,"True","2022-02-24",0,4,4,"True","True","False"
"1943",16791,52062,"ساخت",25,"REACH",96,10,"True","2022-03-07",0,6,7,"True","True","False"
"1960",10801,28707,"عکاسی",31,"REACH",25,10,"False","2021-12-05",0,6,5,"True","True","False"
"1966",12544,4128,"ورزشی",20,"REACH",74,0,"True","2021-12-28",0,4,5,"True","True","False"
"1967",11998,39572,"مالی",19,"REACH",67,10,"True","2021-12-19",0,4,4,"True","True","False"
"1974",10280,25803,"پزشکی",15,"REACH",63,10,"True","2021-11-23",0,6,6,"True","True","False"
"1977",10663,13907,"سینما",6,"REACH",67,10,"True","2021-11-29",0,6,6,"True","True","False"
"1980",9352,28149,"پوشاک",1,"INFLUENCE",54,10,"True","2021-11-03",0,4,2,"True","True","False"
"1981",9361,26287,"رستوران",12,"INFLUENCE",25,10,"True","2021-11-13",0,6,4,"True","True","True"
"1996",16697,48171,"طنز",25,"REACH",47,10,"True","2022-03-06",0,7,7,"True","True","False"
"1998",8824,9758,"سبک",3,"INFLUENCE",25,10,"True","2021-10-16",0,4,3,"True","True","False"
"1999",10241,25821,"اقتصادی",8,"REACH",63,10,"True","2021-11-22",0,6,6,"True","True","False"
"2000",10241,25821,"اقتصادی",5,"REACH",63,10,"True","2021-11-22",0,6,6,"True","True","False"
"2001",8006,21885,"مادر",15,"INFLUENCE",25,10,"True","2021-09-21",0,4,5,"True","True","False"
"2002",8006,21885,"مادر",3,"INFLUENCE",25,10,"True","2021-09-21",0,4,5,"True","True","False"
"2003",10996,17265,"آشپزی",12,"INFLUENCE",54,10,"False","2021-12-11",0,3,4,"True","True","False"
"2009",9964,27459,"زبان",26,"REACH",47,10,"True","2021-11-16",0,5,5,"True","True","False"
"2012",9580,24603,"طراحی",16,"REACH",25,10,"True","2021-11-07",0,5,5,"True","True","False"
"2013",14851,39748,"یادگیری",8,"REACH",59,10,"True","2022-02-05",0,6,5,"True","True","False"
"2032",9231,28515,"آموزش",6,"REACH",25,10,"True","2021-10-26",0,6,3,"True","True","False"
"2099",8606,14581,"سبک",5,"INFLUENCE",47,10,"True","2021-10-08",0,5,5,"True","True","False"
"2102",10171,27812,"روان‌شناسی",27,"REACH",63,10,"True","2021-11-21",0,5,5,"True","True","False"
"2109",8415,8684,"مادر",3,"REACH",25,10,"True","2021-10-04",0,5,5,"True","True","False"
"2135",9304,27649,"سبک",3,"REACH",54,10,"True","2021-10-30",0,5,6,"True","True","False"
"2136",9304,27649,"سبک",15,"REACH",54,10,"True","2021-10-30",0,5,6,"True","True","False"
"2146",10933,3757,"ساخت",28,"REACH",67,10,"False","2021-12-05",0,4,6,"True","True","False"
"2147",10933,3757,"ساخت",31,"REACH",67,10,"False","2021-12-05",0,4,6,"True","True","False"
"2158",9588,16345,"طنز",8,"INFLUENCE",47,10,"True","2021-11-10",0,5,5,"True","True","False"
"2159",11666,2249,"کتاب",4,"INFLUENCE",54,10,"True","2021-12-20",0,3,3,"True","True","False"
"2166",7409,8367,"ورزش",9,"REACH",16,10,"True","2021-08-31",0,6,7,"True","True","True"
"2173",12119,41267,"عمومی",35,"REACH",16,10,"True","2021-12-20",0,6,6,"True","True","True"
"2174",12119,41267,"عمومی",3,"REACH",16,10,"True","2021-12-20",0,6,6,"True","True","True"
"2185",15587,48331,"اقتصادی",15,"REACH",71,10,"True","2022-02-14",0,7,5,"True","True","False"
"2191",14963,38003,"وسایل",7,"INFLUENCE",86,10,"True","2022-02-09",0,5,6,"True","True","False"
"2202",11146,8136,"وسایل",19,"INFLUENCE",47,10,"True","2021-12-10",0,4,4,"True","True","True"
"2205",16515,31070,"مدلینگ",6,"REACH",86,10,"True","2022-03-02",0,6,5,"True","True","False"
"2215",8999,27029,"مادر",3,"REACH",23,10,"True","2021-10-20",0,7,6,"True","True","True"
"2216",11416,2560,"طنز",19,"INFLUENCE",47,10,"True","2021-12-11",0,8,5,"True","True","False"
"2219",9187,11821,"آموزش",12,"REACH",23,10,"True","2021-10-25",0,6,6,"True","True","False"
"2254",12504,30553,"سبک",6,"REACH",47,10,"True","2022-01-01",0,5,5,"True","True","False"
"2265",15380,51368,"دانشجویی",31,"REACH",67,10,"True","2022-02-13",0,4,4,"True","True","False"
"2269",14439,48216,"پزشکی",3,"INFLUENCE",54,10,"True","2022-01-31",0,6,6,"True","True","False"
"2272",16106,53806,"سفر",12,"REACH",47,10,"False","2022-02-23",0,4,4,"True","True","False"
"2283",9566,21380,"توصیه",15,"REACH",23,10,"True","2021-11-06",0,6,6,"True","True","False"
"2318",10383,31392,"آشپزی",2,"REACH",63,10,"True","2021-11-24",0,7,6,"True","True","False"
"2348",15112,48539,"شعر",6,"REACH",67,10,"True","2022-02-08",0,4,4,"True","True","False"
"2385",12209,27812,"روان‌شناسی",27,"REACH",63,10,"True","2021-12-22",0,6,6,"True","True","False"
"2396",11228,37155,"پوشاک",6,"REACH",25,10,"True","2021-12-07",0,2,3,"True","True","False"
"2405",10203,30966,"آشپزی",2,"INFLUENCE",25,10,"True","2021-11-25",0,4,2,"True","True","False"
"2410",9115,28223,"سبک",3,"REACH",16,10,"True","2021-10-23",0,7,6,"True","True","False"
"2417",9328,27731,"سبک",1,"REACH",25,10,"True","2021-10-28",0,6,7,"True","True","False"
"2434",8693,27260,"یادگیری",3,"INFLUENCE",25,10,"True","2021-10-10",0,3,3,"True","True","False"
"2440",9921,30359,"طراحی",33,"INFLUENCE",25,10,"True","2021-11-20",0,6,5,"True","True","False"
"2441",9921,30359,"طراحی",16,"INFLUENCE",25,10,"True","2021-11-20",0,6,5,"True","True","False"
"2480",9236,27329,"روان‌شناسی",33,"REACH",54,10,"True","2021-10-28",0,4,5,"True","True","False"
"2483",11339,37760,"سبک",6,"INFLUENCE",54,10,"True","2021-12-11",0,4,4,"True","True","False"
"2490",10651,27757,"سبک",1,"REACH",25,10,"True","2021-12-02",0,3,3,"True","True","False"
"2493",9737,28707,"عکاسی",33,"REACH",54,10,"True","2021-11-14",0,6,6,"True","True","False"
"2494",9737,28707,"عکاسی",16,"REACH",54,10,"True","2021-11-14",0,6,6,"True","True","False"
"2501",16794,13477,"آرایشی",31,"REACH",95,10,"True","2022-03-07",0,7,4,"True","True","False"
"2506",11846,36630,"خانواده",3,"REACH",25,10,"True","2021-12-19",0,4,4,"True","True","False"
"2510",11691,38420,"مدلینگ",3,"INFLUENCE",20,10,"True","2021-12-17",0,4,5,"True","True","True"
"2512",9460,27941,"مادر",2,"REACH",47,10,"True","2021-11-04",0,5,5,"True","True","False"
"2513",10552,28671,"ورزشی",15,"INFLUENCE",54,10,"True","2021-12-08",0,4,4,"True","True","False"
"2531",4988,8657,"آشپزی",12,"REACH",20,10,"True","2021-05-22",0,7,7,"True","True","False"
"2549",10032,29968,"طنز",8,"REACH",25,10,"True","2021-11-17",0,5,5,"True","True","False"
"2561",14691,36117,"طراحی",33,"REACH",71,10,"True","2022-02-03",0,5,5,"True","True","False"
"2577",14862,14306,"روان‌شناسی",27,"REACH",69,10,"True","2022-02-04",0,6,6,"True","True","False"
"2581",9309,13945,"سبک",26,"REACH",5,10,"False","2021-10-28",0,3,4,"True","True","False"
"2585",10660,28322,"خانواده",33,"INFLUENCE",54,10,"True","2021-12-04",0,4,4,"True","True","False"
"2586",10753,31616,"اقتصادی",5,"INFLUENCE",47,10,"True","2021-12-04",0,5,5,"True","True","False"
"2587",10753,31616,"اقتصادی",11,"INFLUENCE",47,10,"True","2021-12-04",0,5,5,"True","True","False"
"2588",10753,31616,"اقتصادی",9,"INFLUENCE",47,10,"True","2021-12-04",0,5,5,"True","True","False"
"2598",10064,21498,"توصیه",3,"REACH",59,10,"True","2021-11-24",0,7,7,"True","True","True"
"2599",7893,23570,"سبک",1,"INFLUENCE",47,10,"True","2021-10-10",0,4,4,"True","True","False"
"2602",9514,29211,"سبک",15,"INFLUENCE",25,10,"True","2021-11-06",0,5,5,"True","True","False"
"2603",8697,21380,"توصیه",15,"REACH",23,10,"True","2021-10-09",0,6,6,"True","True","False"
"2610",8369,25595,"رستوران",8,"REACH",23,10,"True","2021-10-02",0,5,5,"True","True","False"
"2611",8369,25595,"رستوران",12,"REACH",23,10,"True","2021-10-02",0,5,5,"True","True","False"
"2637",10223,31253,"کتاب",5,"REACH",59,10,"True","2021-11-22",0,6,5,"True","True","False"
"2644",10567,24603,"طراحی",16,"REACH",25,10,"True","2021-11-28",0,5,5,"True","True","False"
"2652",11539,39037,"پوشاک",10,"REACH",54,10,"True","2021-12-12",0,2,2,"True","True","False"
"2670",9270,26823,"ورزشی",25,"REACH",16,10,"True","2021-10-30",0,7,6,"True","True","False"
"2671",9270,26823,"ورزشی",16,"REACH",16,10,"True","2021-10-30",0,7,6,"True","True","False"
"2682",9896,30026,"خودرو",24,"REACH",61,10,"True","2021-11-15",0,6,7,"True","True","False"
"2686",9518,22126,"یادگیری",5,"INFLUENCE",25,10,"True","2021-11-07",0,5,5,"True","True","False"
"2691",9679,28518,"رستوران",31,"INFLUENCE",54,10,"True","2021-11-14",0,4,4,"True","True","False"
"2697",15286,13477,"سبک",36,"REACH",95,10,"True","2022-02-12",0,6,4,"True","True","False"
"2702",9678,28856,"آشپزی",12,"REACH",25,10,"True","2021-11-08",0,6,5,"True","True","False"
"2731",13304,45606,"مدلینگ",3,"REACH",86,10,"True","2022-01-11",0,4,6,"True","True","False"
"2732",12693,43516,"شبکه",6,"REACH",47,10,"True","2022-01-01",0,4,4,"True","True","False"
"2734",3941,4694,"ورزش",6,"REACH",28,10,"True","2021-03-13",0,6,5,"True","True","False"
"2747",11060,32277,"توصیه",35,"REACH",25,10,"True","2021-12-06",0,3,3,"True","True","False"
"2748",11060,32277,"توصیه",3,"REACH",25,10,"True","2021-12-06",0,3,3,"True","True","False"
"2751",9939,1049,"انگیزشی",26,"REACH",57,10,"True","2021-11-15",0,6,7,"True","True","False"
"2786",10471,31609,"رمزارز",19,"REACH",63,10,"True","2021-11-25",0,3,3,"True","True","False"
"2803",9819,13621,"مادر",6,"INFLUENCE",25,10,"True","2021-11-18",0,6,3,"True","True","False"
"2808",9469,5619,"سبک",13,"REACH",54,10,"True","2021-11-02",0,6,7,"True","True","False"
"2821",9391,25595,"مادر",12,"REACH",23,10,"True","2021-11-01",0,5,5,"True","True","False"
"2822",9391,25595,"مادر",8,"REACH",23,10,"True","2021-11-01",0,5,5,"True","True","False"
"2836",10537,12321,"طنز",6,"INFLUENCE",54,10,"True","2021-11-29",0,6,4,"True","True","False"
"2864",10670,29197,"رستوران",12,"REACH",67,10,"True","2021-11-29",0,5,5,"True","True","False"
"2869",11696,26566,"بازاریابی",9,"INFLUENCE",47,10,"True","2021-12-17",0,8,8,"True","True","False"
"2870",11696,26566,"بازاریابی",8,"INFLUENCE",47,10,"True","2021-12-17",0,8,8,"True","True","False"
"2882",16224,50748,"مالی",19,"REACH",67,10,"True","2022-02-26",0,4,4,"True","True","False"
"2886",10584,31593,"سبک",1,"INFLUENCE",54,10,"True","2021-12-01",0,3,3,"True","True","False"
"2887",11035,22518,"بازی",7,"INFLUENCE",54,10,"True","2021-12-11",0,4,1,"True","True","False"
"2890",16685,53754,"مدلینگ",6,"REACH",95,10,"True","2022-03-05",0,6,5,"True","True","False"
"2898",10164,31088,"بازی",10,"REACH",59,10,"True","2021-11-21",0,7,6,"True","True","False"
"2908",9821,4158,"مادر",6,"REACH",54,10,"True","2021-11-13",0,5,7,"True","True","True"
"2911",10582,31888,"پزشکی",15,"REACH",63,10,"True","2021-11-28",0,5,5,"True","True","False"
"2913",11979,40006,"عمومی",35,"REACH",25,10,"True","2021-12-19",0,5,4,"True","True","False"
"2914",11979,40006,"عمومی",3,"REACH",25,10,"True","2021-12-19",0,5,4,"True","True","False"
"2934",8404,22203,"کتاب",4,"INFLUENCE",47,10,"True","2021-10-02",0,5,5,"True","True","False"
"2949",16375,6744,"سبک",8,"INFLUENCE",95,10,"True","2022-03-03",0,6,5,"True","True","False"
"2953",9532,28893,"مادر",8,"REACH",16,10,"True","2021-11-06",0,6,6,"True","True","False"
"2960",14368,36117,"طراحی",33,"REACH",71,10,"True","2022-01-27",0,6,6,"True","True","False"
"2977",12189,39782,"سبک",1,"REACH",71,10,"True","2021-12-21",0,7,5,"True","True","False"
"2978",9397,26079,"پوشاک",6,"INFLUENCE",54,10,"True","2021-11-03",0,4,5,"True","True","False"
"2982",9399,24185,"مادر",2,"INFLUENCE",54,10,"True","2021-11-06",0,4,2,"True","True","True"
"2983",9398,5345,"مادر",6,"REACH",47,10,"True","2021-10-31",0,4,4,"True","True","False"
"3007",10723,11739,"سبک",6,"REACH",25,10,"False","2021-11-30",0,3,3,"True","True","False"
"3016",13416,34467,"سبک",6,"REACH",86,10,"True","2022-01-11",0,4,2,"True","True","False"
"3033",11724,36422,"مادر",6,"REACH",25,10,"True","2021-12-14",0,5,7,"True","True","True"
"3034",13121,16196,"رستوران",19,"REACH",69,10,"True","2022-01-06",0,6,6,"True","True","False"
"3043",14449,40663,"سفر",22,"REACH",86,10,"True","2022-01-29",0,4,5,"True","True","False"
"3065",14450,40663,"سفر",22,"REACH",86,10,"True","2022-01-30",0,5,6,"True","True","False"
"3083",14932,48103,"طنز",22,"REACH",95,10,"True","2022-02-06",0,6,4,"True","True","False"
"3090",16066,21462,"بازی",7,"REACH",104,10,"True","2022-02-23",0,5,5,"True","True","False"
"3119",11350,13081,"زبان",26,"INFLUENCE",47,10,"True","2021-12-11",0,6,6,"True","True","False"
"3120",13946,41515,"ورزشی",19,"REACH",59,10,"True","2022-01-22",0,5,5,"True","True","False"
"3131",12669,25137,"اخبار",11,"REACH",71,10,"True","2021-12-30",0,6,8,"True","True","False"
"3147",3452,8602,"خانواده",6,"REACH",5,10,"True","2021-02-02",0,7,7,"True","True","False"
"3152",10507,7381,"مادر",33,"REACH",67,10,"True","2021-11-27",0,7,7,"True","True","False"
"3181",9544,29390,"بازی",4,"REACH",25,10,"True","2021-11-06",0,5,5,"True","False","False"
"3182",9544,29390,"بازی",21,"REACH",25,10,"True","2021-11-06",0,5,5,"True","False","False"
"3204",13728,8847,"مادر",6,"REACH",86,10,"True","2022-01-16",0,5,5,"True","True","False"
"3237",17373,55891,"سبک",33,"REACH",47,10,"True","2022-03-15",0,4,4,"True","True","False"
"3238",17373,55891,"سبک",1,"REACH",47,10,"True","2022-03-15",0,4,4,"True","True","False"
"3246",12911,43896,"پزشکی",32,"REACH",47,10,"True","2022-01-03",0,4,4,"True","True","False"
"3291",10361,27809,"توصیه",15,"REACH",57,10,"True","2021-11-24",0,6,6,"True","True","False"
"3297",9929,30188,"آرایشی",3,"INFLUENCE",54,10,"True","2021-11-20",0,5,4,"True","True","False"
"3299",17103,51534,"موسیقی",1,"REACH",71,10,"True","2022-03-11",0,7,5,"True","True","True"
"3318",9408,28581,"دانستنی",8,"REACH",16,10,"True","2021-11-02",0,7,6,"True","True","False"
"3319",9407,24555,"آموزش",34,"REACH",16,10,"True","2021-11-01",0,7,7,"True","True","False"
"3320",9407,24555,"آموزش",5,"REACH",16,10,"True","2021-11-01",0,7,7,"True","True","False"
"3332",11361,37010,"بازی",7,"REACH",25,10,"True","2021-12-09",0,4,4,"True","True","False"
"3361",9915,23996,"رستوران",12,"REACH",54,10,"True","2021-11-15",0,4,3,"True","True","False"
"3363",11363,29861,"مادر",15,"INFLUENCE",25,10,"True","2021-12-12",0,5,3,"True","True","False"
"3364",11363,29861,"مادر",27,"INFLUENCE",25,10,"True","2021-12-12",0,5,3,"True","True","False"
"3365",11363,29861,"مادر",2,"INFLUENCE",25,10,"True","2021-12-12",0,5,3,"True","True","False"
"3370",11369,30056,"پوشاک",6,"REACH",25,10,"True","2021-12-09",0,4,4,"True","True","False"
"3380",12819,44081,"آرایشی",35,"INFLUENCE",54,10,"True","2022-01-04",0,4,4,"True","True","False"
"3394",10696,29139,"مادر",13,"REACH",25,10,"True","2021-12-02",0,6,5,"True","True","False"
"3401",11836,5544,"نرم",8,"INFLUENCE",25,10,"True","2021-12-18",0,4,4,"True","True","False"
"3407",7764,23852,"مادر",27,"REACH",16,10,"True","2021-09-14",0,6,5,"True","True","False"
"3412",9433,28842,"پوشاک",6,"REACH",25,10,"True","2021-11-01",0,6,6,"True","True","False"
"3416",11141,36895,"رستوران",32,"REACH",25,10,"True","2021-12-11",0,2,3,"True","True","False"
"3433",9437,25375,"تکنولوژی",7,"REACH",23,10,"True","2021-11-04",0,7,6,"True","True","False"
"3438",10903,31554,"مادر",31,"INFLUENCE",54,10,"False","2021-12-08",0,5,4,"True","True","False"
"3459",12545,32297,"کتاب",27,"REACH",63,10,"True","2021-12-30",0,6,6,"True","True","False"
"3481",11487,26084,"مادر",33,"REACH",47,10,"True","2021-12-11",0,5,5,"True","True","False"
"3492",11653,28797,"مدلینگ",6,"INFLUENCE",20,10,"True","2021-12-16",0,4,4,"True","True","False"
"3521",12027,38703,"اقتصادی",11,"INFLUENCE",47,10,"True","2021-12-22",0,3,3,"True","True","False"
"3523",15199,35558,"خودرو",7,"REACH",69,10,"True","2022-02-10",0,7,7,"True","True","True"
"3524",15199,35558,"خودرو",3,"REACH",69,10,"True","2022-02-10",0,7,7,"True","True","True"
"3525",15199,35558,"خودرو",33,"REACH",69,10,"True","2022-02-10",0,7,7,"True","True","True"
"3530",8268,18513,"سفر",9,"REACH",23,10,"False","2021-09-28",0,7,7,"True","True","False"
"3531",8268,18513,"سفر",22,"REACH",23,10,"False","2021-09-28",0,7,7,"True","True","False"
"3540",12005,36899,"رستوران",12,"REACH",25,10,"True","2021-12-19",0,3,4,"True","True","False"
"3562",12985,2448,"مدلینگ",6,"REACH",86,10,"True","2022-02-07",0,5,5,"True","True","False"
"3588",11573,38896,"پوشاک",6,"INFLUENCE",25,10,"True","2021-12-15",0,2,2,"True","True","False"
"3589",11573,38896,"پوشاک",1,"INFLUENCE",25,10,"True","2021-12-15",0,2,2,"True","True","False"
"3590",14944,45664,"سلامت",12,"REACH",67,10,"True","2022-02-06",0,4,4,"True","True","False"
"3594",11294,14919,"ورزشی",13,"REACH",5,10,"True","2021-12-10",0,7,6,"True","True","False"
"3599",4050,9715,"آشپزی",30,"REACH",28,10,"True","2021-03-14",0,5,6,"True","True","False"
"3607",12992,31945,"سبک",33,"REACH",47,10,"True","2022-01-04",0,4,5,"True","True","False"
"3613",17375,7452,"پوشاک",1,"REACH",72,10,"True","2022-03-16",0,5,5,"True","True","False"
"3615",12040,24718,"سبک",3,"REACH",47,10,"True","2021-12-19",0,4,4,"True","True","False"
"3628",11913,31434,"مادر",1,"REACH",25,10,"True","2021-12-18",0,5,5,"True","True","False"
"3671",14717,12844,"کارآفرینی",30,"REACH",67,10,"True","2022-02-02",0,4,4,"True","True","False"
"3674",13553,29047,"سبک",33,"REACH",86,10,"True","2022-01-14",0,3,8,"True","True","False"
"3683",11671,39512,"ورزشی",6,"INFLUENCE",25,10,"True","2021-12-17",0,3,4,"True","True","False"
"3711",11925,32168,"سبک",6,"REACH",25,10,"True","2021-12-17",0,3,3,"True","True","False"
"3745",6617,22099,"آشپزی",12,"REACH",23,10,"True","2021-08-01",0,6,6,"True","True","False"
"3746",6617,22099,"آشپزی",8,"REACH",23,10,"True","2021-08-01",0,6,6,"True","True","False"
"3751",16809,15156,"روان‌شناسی",27,"REACH",71,10,"True","2022-03-07",0,6,5,"True","True","False"
"3755",13745,20036,"مذهبی",27,"REACH",67,10,"True","2022-01-18",0,4,4,"True","True","False"
"3765",13006,27674,"رستوران",12,"REACH",54,10,"True","2022-01-07",0,5,5,"True","True","False"
"3793",12622,43390,"آشپزی",3,"INFLUENCE",54,10,"True","2022-01-01",0,5,5,"True","True","False"
"3794",12622,43390,"آشپزی",32,"INFLUENCE",54,10,"True","2022-01-01",0,5,5,"True","True","False"
"3825",13617,7007,"شعر",4,"REACH",67,10,"True","2022-01-15",0,4,4,"True","True","False"
"3828",14790,29740,"آرایشی",5,"REACH",59,10,"True","2022-02-03",0,7,6,"True","True","False"
"3829",13035,15031,"رمزارز",19,"REACH",67,10,"True","2022-01-04",0,4,4,"True","True","False"
"3830",13035,15031,"رمزارز",11,"REACH",67,10,"True","2022-01-04",0,4,4,"True","True","False"
"3868",14805,42627,"ورزشی",19,"REACH",59,10,"True","2022-02-03",0,10,10,"True","True","False"
"3915",14437,29257,"آشپزی",33,"REACH",95,10,"True","2022-01-29",0,6,4,"True","True","False"
"3931",11615,4686,"سبک",16,"REACH",25,10,"True","2021-12-13",0,3,4,"True","True","False"
"3957",13702,44816,"ساخت",28,"REACH",69,10,"True","2022-01-16",0,7,6,"True","True","False"
"3958",13702,44816,"ساخت",7,"REACH",69,10,"True","2022-01-16",0,7,6,"True","True","False"
"3976",17274,55738,"طنز",28,"REACH",95,10,"True","2022-03-13",0,6,6,"True","True","False"
"3998",17253,25278,"انگیزشی",8,"REACH",59,10,"True","2022-03-13",0,7,6,"True","True","False"
"4035",14482,8891,"آشپزی",5,"INFLUENCE",86,10,"True","2022-02-01",0,6,6,"True","True","False"
"4071",12940,1048,"کارآفرینی",34,"REACH",5,10,"True","2022-01-03",0,8,8,"True","True","False"
"4072",12940,1048,"کارآفرینی",8,"REACH",5,10,"True","2022-01-03",0,8,8,"True","True","False"
"4079",15298,47892,"روان‌شناسی",8,"REACH",69,10,"True","2022-02-12",0,7,7,"True","True","False"
"4113",6147,16196,"طنز",19,"INFLUENCE",20,10,"True","2021-07-13",0,5,6,"True","True","False"
"4148",13550,28219,"یادگیری",16,"REACH",86,10,"True","2022-01-13",0,7,5,"True","True","False"
"4180",7969,24541,"مادر",2,"INFLUENCE",25,10,"True","2021-09-19",0,4,4,"True","True","False"
"4213",13498,23322,"سبک",31,"REACH",86,10,"True","2022-01-15",0,4,5,"True","True","True"
"4227",7716,10732,"سبک",6,"REACH",47,10,"True","2021-09-12",0,4,4,"True","True","True"
"4229",15355,16501,"مادر",6,"INFLUENCE",86,10,"True","2022-02-16",0,5,5,"True","True","False"
"4233",17425,52374,"بازاریابی",5,"INFLUENCE",47,10,"True","2022-03-19",0,2,4,"True","True","False"
"4234",17354,55248,"مادر",6,"REACH",95,10,"True","2022-03-15",0,6,5,"True","True","False"
"4236",13333,43207,"فال",27,"REACH",74,0,"True","2022-01-10",0,7,4,"True","True","False"
"4243",15996,29030,"عکاسی",31,"REACH",95,10,"True","2022-02-22",0,7,6,"True","True","False"
"4244",15996,29030,"عکاسی",13,"REACH",95,10,"True","2022-02-22",0,7,6,"True","True","False"
"4245",15996,29030,"عکاسی",10,"REACH",95,10,"True","2022-02-22",0,7,6,"True","True","False"
"4246",15996,29030,"عکاسی",36,"REACH",95,10,"True","2022-02-22",0,7,6,"True","True","False"
"4247",15996,29030,"عکاسی",33,"REACH",95,10,"True","2022-02-22",0,7,6,"True","True","False"
"4250",16537,8333,"خودرو",19,"REACH",57,10,"True","2022-03-03",0,4,2,"True","True","False"
"4270",14022,21763,"مادر",1,"REACH",72,10,"True","2022-01-22",0,5,5,"True","True","False"
"4297",13824,47171,"کارآفرینی",31,"REACH",59,10,"True","2022-01-18",0,6,6,"True","True","False"
"4348",2543,382,"خانه",33,"REACH",5,10,"True","2020-12-13",0,7,7,"True","True","False"
"4395",14515,8324,"مادر",33,"REACH",95,10,"True","2022-02-02",0,8,7,"True","True","False"
"4458",15784,53083,"یادگیری",8,"REACH",95,10,"True","2022-02-20",0,6,7,"True","True","False"
"4469",20181,27679,"توصیه",3,"INFLUENCE",54,10,"True","2022-05-25",0,4,4,"True","True","False"
"4492",8570,25070,"مادر",33,"INFLUENCE",25,10,"True","2021-10-07",0,5,7,"True","True","False"
"4498",13982,8891,"انگیزشی",9,"INFLUENCE",86,10,"True","2022-01-23",0,6,6,"True","True","False"
"4517",17186,38939,"رمزارز",19,"REACH",71,10,"True","2022-03-12",0,7,5,"True","True","False"
"4525",14509,8549,"آشپزی",6,"REACH",67,10,"True","2022-01-30",0,4,4,"True","True","False"
"4536",15797,24157,"سبک",32,"REACH",95,10,"True","2022-02-20",0,7,6,"True","True","False"
"4545",14399,32616,"سبک",5,"REACH",86,10,"True","2022-01-30",0,6,5,"True","True","False"
"4590",12039,41121,"بازاریابی",34,"REACH",47,10,"True","2021-12-19",0,4,4,"True","True","False"
"4591",11720,26923,"رمزارز",19,"REACH",63,10,"True","2021-12-14",0,5,4,"True","True","False"
"4645",14927,30821,"رمزارز",19,"REACH",57,10,"True","2022-02-07",0,5,3,"True","True","False"
"4660",5537,16551,"آموزش",8,"REACH",5,10,"True","2021-06-30",0,7,6,"True","True","False"
"4678",9199,28241,"رستوران",12,"REACH",25,10,"True","2021-10-26",0,6,6,"True","True","False"
"4679",15716,10804,"طنز",15,"INFLUENCE",54,10,"True","2022-02-20",0,6,7,"True","True","False"
"4680",14661,43511,"آرایشی",3,"INFLUENCE",86,10,"True","2022-02-04",0,4,5,"True","True","False"
"4687",3783,10064,"آشپزی",15,"REACH",23,10,"True","2021-02-21",0,4,4,"True","True","False"
"4725",17268,53869,"شبکه",9,"REACH",95,10,"True","2022-03-13",0,6,6,"True","True","True"
"4733",14610,6744,"سینما",8,"REACH",95,10,"True","2022-01-31",0,6,6,"True","True","False"
"4782",3958,8991,"مالی",11,"REACH",28,10,"True","2021-03-08",0,6,5,"True","True","False"
"4785",4010,11353,"آموزش",31,"REACH",25,10,"True","2021-03-11",0,7,7,"True","True","False"
"4797",16603,51775,"پوشاک",6,"REACH",86,10,"True","2022-03-03",0,5,5,"True","True","False"
"4807",15122,39053,"خانواده",6,"INFLUENCE",54,10,"True","2022-02-11",0,5,5,"True","True","False"
"4816",17010,54953,"مادر",3,"INFLUENCE",95,10,"True","2022-03-12",0,6,5,"True","True","False"
"4817",17010,54953,"مادر",35,"INFLUENCE",95,10,"True","2022-03-12",0,6,5,"True","True","False"
"4842",15126,40247,"رستوران",12,"INFLUENCE",86,10,"True","2022-02-11",0,4,5,"True","True","False"
"4843",15126,40247,"رستوران",33,"INFLUENCE",86,10,"True","2022-02-11",0,4,5,"True","True","False"
"4899",14657,40663,"سفر",22,"REACH",86,10,"True","2022-02-01",0,5,7,"True","True","False"
"4908",15016,6744,"مالی",8,"REACH",16,10,"True","2022-02-06",0,6,8,"True","True","False"
"4919",10429,25803,"عمومی",15,"REACH",63,10,"True","2021-11-25",0,6,6,"True","True","False"
"4942",4255,12632,"ورزش",15,"REACH",28,10,"True","2021-04-10",0,6,5,"True","True","False"
"4950",8822,27142,"سرگرمی",10,"REACH",23,10,"True","2021-10-13",0,7,7,"True","True","False"
"4951",8822,27142,"سرگرمی",22,"REACH",23,10,"True","2021-10-13",0,7,7,"True","True","False"
"4969",4341,13082,"سفر",13,"REACH",23,10,"True","2021-04-14",0,3,4,"True","True","False"
"4988",4469,9014,"تکنولوژی",10,"REACH",25,10,"True","2021-04-21",0,4,4,"True","True","False"
"4999",14942,2249,"یادگیری",4,"INFLUENCE",86,10,"True","2022-02-09",0,5,4,"True","True","False"
"5011",4709,14063,"تغذیه",15,"REACH",25,10,"True","2021-05-06",0,7,6,"True","True","False"
"5074",15021,36117,"طراحی",33,"REACH",71,10,"True","2022-02-07",0,5,6,"True","True","False"
"5107",15052,40202,"پوشاک",36,"REACH",86,10,"True","2022-02-07",0,5,4,"True","True","False"
"5108",15052,40202,"پوشاک",6,"REACH",86,10,"True","2022-02-07",0,5,4,"True","True","False"
"5198",14976,50766,"اخبار",31,"REACH",96,10,"True","2022-02-06",0,5,4,"True","True","False"
"5231",14353,39748,"انگیزشی",8,"REACH",59,10,"True","2022-01-29",0,4,4,"True","True","False"
"5241",13930,44816,"وسایل",28,"REACH",59,10,"True","2022-01-22",0,7,6,"True","True","False"
"5242",13930,44816,"وسایل",7,"REACH",59,10,"True","2022-01-22",0,7,6,"True","True","False"
"5297",16286,16040,"صنایع",1,"REACH",86,10,"True","2022-02-27",0,6,6,"True","True","False"
"5298",16286,16040,"صنایع",33,"REACH",86,10,"True","2022-02-27",0,6,6,"True","True","False"
"5307",16060,44861,"مادر",36,"REACH",95,10,"True","2022-02-23",0,6,7,"True","True","False"
"5313",15419,31619,"طراحی",33,"REACH",95,10,"False","2022-02-14",0,7,5,"True","True","False"
"5338",15497,52363,"رستوران",16,"REACH",95,10,"True","2022-02-15",0,6,6,"True","True","True"
"5352",12347,28422,"آشپزی",6,"REACH",20,10,"True","2021-12-25",0,4,3,"True","True","False"
"5369",13257,42760,"توصیه",20,"REACH",57,10,"True","2022-01-11",0,5,5,"True","True","False"
"5394",15654,46051,"مادر",6,"REACH",95,10,"True","2022-02-17",0,6,5,"True","True","False"
"5398",5691,20023,"آشپزی",3,"REACH",5,10,"True","2021-06-28",0,6,6,"True","True","False"
"5413",14990,48171,"طراحی",25,"REACH",69,10,"True","2022-02-09",0,7,7,"True","True","False"
"5479",15521,41680,"سفر",22,"REACH",57,10,"True","2022-02-15",0,4,7,"True","True","False"
"5480",15521,41680,"سفر",6,"REACH",57,10,"True","2022-02-15",0,4,7,"True","True","False"
"5481",15521,41680,"سفر",20,"REACH",57,10,"True","2022-02-15",0,4,7,"True","True","False"
"5506",16105,44816,"وسایل",28,"REACH",59,10,"True","2022-02-23",0,7,6,"True","True","False"
"5507",16105,44816,"وسایل",7,"REACH",59,10,"True","2022-02-23",0,7,6,"True","True","False"
"5525",16627,7944,"بدنسازی",23,"REACH",59,10,"True","2022-03-05",0,6,6,"True","True","False"
"5526",16627,7944,"بدنسازی",24,"REACH",59,10,"True","2022-03-05",0,6,6,"True","True","False"
"5531",16919,51534,"عمومی",1,"REACH",71,10,"True","2022-03-11",0,6,3,"True","True","False"
"5557",13210,11324,"روان‌شناسی",27,"REACH",57,10,"True","2022-01-08",0,5,5,"True","True","False"
"5565",17259,53835,"رمزارز",19,"REACH",67,10,"True","2022-03-13",0,4,4,"True","True","False"
"5600",8690,27041,"کتاب",31,"REACH",5,10,"True","2021-10-09",0,6,6,"True","True","False"
"5635",9296,28570,"ورزشی",33,"REACH",16,10,"True","2021-10-28",0,5,5,"True","True","False"
"5636",9296,28570,"ورزشی",16,"REACH",16,10,"True","2021-10-28",0,5,5,"True","True","False"
"5661",12855,6972,"مدلینگ",9,"INFLUENCE",54,10,"True","2022-01-05",0,7,5,"True","True","True"
"5667",13403,25913,"مادر",1,"INFLUENCE",47,10,"True","2022-01-14",0,5,8,"True","True","False"
"5691",15850,47886,"مدلینگ",6,"REACH",95,10,"True","2022-02-22",0,5,4,"True","True","False"
"5705",9227,28484,"خودرو",29,"REACH",5,10,"True","2021-10-26",0,7,7,"True","True","False"
"5727",15254,42627,"اقتصادی",19,"REACH",59,10,"True","2022-02-10",0,10,10,"True","True","False"
"5757",10993,32575,"مادر",15,"INFLUENCE",54,10,"False","2021-12-09",0,3,3,"True","True","False"
"5763",15315,51092,"سبک",32,"INFLUENCE",95,10,"True","2022-02-14",0,6,6,"True","True","False"
"5788",16951,3492,"کتاب",9,"REACH",5,10,"True","2022-03-08",0,6,6,"True","True","False"
"5789",16951,3492,"کتاب",8,"REACH",5,10,"True","2022-03-08",0,6,6,"True","True","False"
"5792",15092,41502,"عمومی",15,"REACH",71,10,"True","2022-02-12",0,7,7,"True","True","False"
"5793",15092,41502,"عمومی",32,"REACH",71,10,"True","2022-02-12",0,7,7,"True","True","False"
"5805",9643,24754,"طراحی",16,"REACH",61,10,"True","2021-11-13",0,8,8,"True","True","False"
"5806",9643,24754,"طراحی",28,"REACH",61,10,"True","2021-11-13",0,8,8,"True","True","False"
"5807",9643,24754,"طراحی",31,"REACH",61,10,"True","2021-11-13",0,8,8,"True","True","False"
"5809",16619,26272,"پوشاک",6,"INFLUENCE",95,10,"True","2022-03-06",0,6,4,"True","True","True"
"5900",13028,31434,"مادر",2,"INFLUENCE",47,10,"True","2022-01-07",0,4,4,"True","True","False"
"5914",6614,2774,"مد",6,"REACH",25,10,"True","2021-07-30",0,5,5,"True","True","False"
"5917",16235,53938,"سینما",33,"REACH",67,10,"True","2022-02-26",1770000,4,4,"True","True","False"
"5940",15326,49595,"دانستنی",3,"REACH",67,10,"True","2022-02-12",0,4,4,"True","True","False"
"5953",17211,9064,"کتاب",5,"REACH",95,10,"True","2022-03-25",0,6,4,"True","True","False"
"6000",11528,32297,"کتاب",27,"REACH",63,10,"True","2021-12-20",0,6,5,"True","True","False"
"6008",16858,49595,"عمومی",3,"REACH",67,10,"True","2022-03-07",0,5,4,"True","True","False"
"6009",16858,49595,"عمومی",32,"REACH",67,10,"True","2022-03-07",0,5,4,"True","True","False"
"6016",16090,49595,"عمومی",3,"REACH",67,10,"True","2022-02-23",0,4,4,"True","True","False"
"6043",4214,10134,"آموزش",19,"REACH",28,10,"True","2021-04-04",0,6,5,"True","True","False"
"6051",16104,11225,"عمومی",37,"INFLUENCE",95,10,"True","2022-02-26",0,7,8,"True","True","False"
"6052",16104,11225,"عمومی",27,"INFLUENCE",95,10,"True","2022-02-26",0,7,8,"True","True","False"
"6109",14980,41680,"ورزشی",6,"REACH",69,10,"True","2022-02-06",0,7,7,"True","True","False"
"6110",14980,41680,"ورزشی",22,"REACH",69,10,"True","2022-02-06",0,7,7,"True","True","False"
"6111",14980,41680,"ورزشی",20,"REACH",69,10,"True","2022-02-06",0,7,7,"True","True","False"
"6114",16852,49595,"عمومی",3,"REACH",67,10,"True","2022-03-07",0,5,4,"True","True","False"
"6115",16852,49595,"عمومی",32,"REACH",67,10,"True","2022-03-07",0,5,4,"True","True","False"
"6165",5585,18861,"ورزش",13,"INFLUENCE",23,10,"True","2021-06-23",0,5,5,"True","True","False"
"6166",5585,18861,"ورزش",1,"INFLUENCE",23,10,"True","2021-06-23",0,5,5,"True","True","False"
"6183",16193,48815,"مادر",3,"REACH",47,10,"True","2022-02-26",1000000,5,4,"True","True","True"
"6184",16193,48815,"مادر",35,"REACH",47,10,"True","2022-02-26",1000000,5,4,"True","True","True"
"6204",13154,35263,"یادگیری",19,"INFLUENCE",47,10,"True","2022-01-09",0,4,4,"True","True","False"
"6236",6641,12995,"مد",3,"INFLUENCE",20,10,"True","2021-08-11",0,4,4,"True","True","False"
"6237",6641,12995,"مد",15,"INFLUENCE",20,10,"True","2021-08-11",0,4,4,"True","True","False"
"6275",16762,54987,"پزشکی",9,"INFLUENCE",86,10,"True","2022-03-09",0,5,6,"True","True","False"
"6276",13716,44816,"بازی",28,"INFLUENCE",47,10,"True","2022-01-19",0,7,6,"True","True","False"
"6277",13716,44816,"بازی",7,"INFLUENCE",47,10,"True","2022-01-19",0,7,6,"True","True","False"
"6296",13369,42746,"طنز",6,"REACH",69,10,"True","2022-01-10",0,7,6,"True","True","True"
"6329",11631,10186,"طنز",29,"REACH",25,10,"True","2021-12-13",0,8,10,"True","True","False"
"6335",16691,53083,"کارآفرینی",8,"INFLUENCE",95,10,"True","2022-03-12",0,5,6,"True","True","False"
"6369",2378,6824,"عکاسی",9,"REACH",5,10,"True","2020-12-06",0,7,7,"True","True","False"
"6371",2895,8369,"سرگرمی",26,"REACH",5,10,"True","2021-01-02",0,6,8,"True","True","False"
"6391",3845,5953,"تغذیه",28,"REACH",23,10,"True","2021-02-26",0,5,6,"True","True","False"
"6398",3933,11277,"خودرو",19,"REACH",23,10,"True","2021-03-06",0,4,6,"True","True","False"
"6399",3855,7921,"آشپزی",3,"REACH",25,10,"True","2021-02-28",0,5,6,"True","True","False"
"6403",3897,4657,"سفر",22,"REACH",23,10,"True","2021-03-03",0,4,5,"True","True","False"
"6405",4090,11463,"ورزش",20,"REACH",23,10,"True","2021-03-29",0,6,6,"True","True","False"
"6410",4234,12632,"اطلاعات",15,"REACH",28,10,"True","2021-04-05",0,6,5,"True","True","False"
"6414",13380,29740,"آرایشی",5,"INFLUENCE",47,10,"True","2022-01-14",0,7,6,"True","True","False"
"6415",4254,12863,"آموزش",8,"REACH",28,10,"True","2021-04-07",0,6,6,"True","True","False"
"6450",4738,14586,"مالی",11,"REACH",28,10,"True","2021-05-10",0,6,7,"True","True","False"
"6468",4946,14068,"آموزش",15,"REACH",23,10,"True","2021-05-19",0,7,4,"True","True","False"
"6478",5374,16406,"خانواده",15,"REACH",28,10,"True","2021-06-14",0,7,6,"True","True","False"
"6488",5500,17432,"آموزش",5,"REACH",28,10,"True","2021-06-20",0,5,5,"True","True","False"
"6493",5553,16440,"مالی",19,"REACH",23,10,"True","2021-06-22",0,4,5,"True","True","False"
"6494",5553,16440,"مالی",11,"REACH",23,10,"True","2021-06-22",0,4,5,"True","True","False"
"6497",5389,9167,"سرگرمی",6,"REACH",16,10,"True","2021-06-14",0,4,4,"True","True","True"
"6511",6178,21578,"فیلم",34,"REACH",28,10,"True","2021-07-16",0,5,5,"True","True","False"
"6520",6342,22381,"خانه",28,"REACH",28,10,"True","2021-07-20",0,5,6,"True","True","True"
"6529",13957,31189,"مدلینگ",34,"REACH",86,10,"True","2022-01-22",0,8,7,"True","True","False"
"6530",6985,4845,"آموزش",8,"REACH",16,10,"True","2021-08-12",0,5,5,"True","True","False"
"6546",6958,23544,"اخبار",11,"REACH",23,10,"True","2021-08-11",0,6,7,"True","True","False"
"6566",7759,2146,"مادر",15,"REACH",16,10,"True","2021-09-12",0,8,8,"True","True","True"
"6572",8608,23762,"خودرو",28,"REACH",16,10,"True","2021-10-05",0,5,5,"True","True","False"
"6577",8607,27009,"مالی",11,"REACH",5,10,"True","2021-10-05",0,6,6,"True","True","False"
"6582",8656,21885,"مادر",3,"REACH",16,10,"True","2021-10-09",0,7,7,"True","True","False"
"6584",8987,16290,"مادر",6,"REACH",16,10,"True","2021-10-18",0,5,5,"True","True","True"
"6593",9092,27471,"آموزش",19,"REACH",23,10,"True","2021-10-20",0,6,6,"True","True","False"
"6594",9000,27041,"کتاب",27,"REACH",16,10,"True","2021-10-18",0,6,5,"True","True","False"
"6612",9452,27871,"توصیه",15,"REACH",16,10,"True","2021-11-02",0,9,7,"True","True","False"
"6618",11016,35791,"بازی",19,"REACH",67,10,"False","2021-12-06",0,4,4,"True","True","False"
"6646",14118,45437,"خانواده",33,"REACH",86,10,"True","2022-01-23",0,3,4,"True","True","False"
"6690",7823,25495,"مادر",2,"INFLUENCE",47,10,"True","2021-10-10",0,2,2,"True","True","False"
"6709",13903,36146,"مدلینگ",3,"REACH",67,10,"True","2022-01-19",0,5,7,"True","True","False"
"6710",13903,36146,"مدلینگ",32,"REACH",67,10,"True","2022-01-19",0,5,7,"True","True","False"
"6722",13924,8891,"سبک",9,"INFLUENCE",86,10,"True","2022-01-23",0,6,6,"True","True","False"
"6723",9757,29485,"موسیقی",32,"REACH",59,10,"True","2021-11-10",0,8,6,"True","True","False"
"6792",10697,2717,"اقتصادی",5,"REACH",59,10,"True","2021-12-01",0,6,6,"True","True","False"
"6817",12462,30261,"آرایشی",36,"REACH",57,10,"True","2021-12-27",0,5,5,"True","True","False"
"6832",13314,44683,"مذهبی",31,"REACH",67,10,"True","2022-01-10",0,4,4,"True","True","True"
"6875",17142,24896,"مادر",3,"REACH",95,10,"True","2022-03-12",0,7,7,"True","True","False"
"6889",20547,22018,"تغذیه",32,"REACH",116,0,"True","2022-05-29",1000000,4,5,"True","True","False"
"6967",13463,26287,"آشپزی",12,"REACH",63,10,"True","2022-01-12",0,5,5,"True","True","False"
"7055",13918,43511,"سبک",6,"INFLUENCE",86,10,"True","2022-01-22",0,4,7,"True","True","True"
"7077",14238,46250,"وسایل",9,"INFLUENCE",47,10,"True","2022-01-29",0,6,5,"True","True","False"
"7101",14211,44816,"وسایل",28,"REACH",47,10,"True","2022-01-24",0,7,6,"True","True","False"
"7102",14211,44816,"وسایل",7,"REACH",47,10,"True","2022-01-24",0,7,6,"True","True","False"
"7123",13346,45625,"وسایل",7,"INFLUENCE",47,10,"True","2022-01-13",0,4,4,"True","True","False"
"7134",13354,35413,"ورزشی",6,"INFLUENCE",86,10,"True","2022-01-13",0,6,6,"True","True","False"
"7230",13276,31766,"سفر",20,"INFLUENCE",47,10,"True","2022-01-15",0,6,6,"True","True","False"
"7238",8434,24555,"توصیه",5,"REACH",16,10,"True","2021-10-18",0,6,6,"True","True","False"
"7239",8434,24555,"توصیه",8,"REACH",16,10,"True","2021-10-18",0,6,6,"True","True","False"
"7254",16147,50899,"آرایشی",36,"REACH",47,10,"True","2022-02-24",0,4,4,"True","True","False"
"7266",14271,45741,"رمزارز",19,"REACH",16,10,"True","2022-01-25",0,8,7,"True","True","False"
"7320",7788,13268,"خودرو",9,"REACH",5,10,"True","2021-09-25",0,7,6,"True","True","False"
"7334",7293,22009,"آشپزی",8,"INFLUENCE",47,10,"True","2021-08-26",0,6,6,"True","True","False"
"7335",7293,22009,"آشپزی",12,"INFLUENCE",47,10,"True","2021-08-26",0,6,6,"True","True","False"
"7461",7801,25462,"سبک",3,"REACH",25,10,"True","2021-09-13",0,5,6,"True","True","False"
"7950",6464,14801,"ورزش",6,"REACH",23,10,"True","2021-07-25",0,6,7,"True","True","False"
"8398",7504,23366,"خانواده",8,"INFLUENCE",47,10,"True","2021-09-02",0,4,4,"True","True","False"
"8399",7504,23366,"خانواده",27,"INFLUENCE",47,10,"True","2021-09-02",0,4,4,"True","True","False"
"8779",17221,48894,"طنز",31,"REACH",69,10,"True","2022-03-14",0,7,7,"True","True","False"
"9114",4256,11946,"طنز",8,"INFLUENCE",20,10,"True","2021-04-07",0,6,7,"True","True","False"
"9286",3875,10641,"آشپزی",12,"REACH",23,10,"True","2021-03-04",0,4,4,"True","True","True"
"9307",10358,11299,"مادر",1,"REACH",25,10,"True","2021-11-24",0,4,5,"True","True","False"
"9308",10358,11299,"مادر",6,"REACH",25,10,"True","2021-11-24",0,4,5,"True","True","False"
"9797",7005,17382,"خانواده",8,"REACH",23,10,"False","2021-09-13",0,7,6,"True","True","False"
"9798",7005,17382,"خانواده",2,"REACH",23,10,"False","2021-09-13",0,7,6,"True","True","False"
"9993",7023,13945,"سفر",26,"REACH",5,10,"True","2021-08-15",0,6,5,"True","True","False"
"10255",17262,54986,"عمومی",22,"REACH",59,10,"True","2022-03-14",0,7,7,"True","True","False"
"10331",4068,9036,"آشپزی",29,"REACH",28,10,"True","2021-03-16",0,6,6,"True","True","False"
"10412",4998,10242,"سبک",27,"REACH",16,10,"True","2021-05-22",0,4,5,"True","True","False"
"11070",5548,18449,"سفر",22,"REACH",16,10,"True","2021-06-22",0,6,7,"True","True","True"
"11111",4013,11527,"سفر",22,"REACH",23,10,"True","2021-03-11",0,4,5,"True","True","False"
"11113",12986,11527,"مالی",22,"REACH",57,10,"True","2022-01-04",0,5,5,"True","True","False"
"11144",16151,52559,"مادر",33,"REACH",63,10,"True","2022-02-24",0,5,6,"True","True","False"
"11378",6096,17248,"آموزش",34,"INFLUENCE",20,10,"True","2021-07-15",0,7,7,"True","True","False"
"11453",11743,36692,"سبک",6,"REACH",25,10,"True","2021-12-18",0,5,5,"True","True","False"
"11459",4025,11569,"خودرو",24,"REACH",23,10,"True","2021-03-12",0,4,4,"True","True","False"
"11581",5989,20802,"مادر",2,"INFLUENCE",25,10,"False","2021-10-09",0,4,6,"True","True","False"
"12092",10415,11671,"دانستنی",11,"REACH",5,10,"True","2021-11-24",0,6,6,"True","True","False"
"12184",10360,31203,"مادر",1,"REACH",47,10,"True","2021-11-25",0,4,4,"True","True","True"
"12264",5372,4235,"مالی",7,"REACH",16,10,"True","2021-06-14",0,7,9,"True","True","False"
"12265",5372,4235,"مالی",9,"REACH",16,10,"True","2021-06-14",0,7,9,"True","True","False"
"12326",7961,25709,"سبک",2,"INFLUENCE",25,10,"True","2021-09-19",0,5,4,"True","True","False"
"12327",7961,25709,"سبک",1,"INFLUENCE",25,10,"True","2021-09-19",0,5,4,"True","True","False"
"12464",9211,28484,"خودرو",29,"REACH",5,10,"True","2021-10-26",0,8,8,"True","True","False"
"12553",4150,11911,"خانه",33,"INFLUENCE",16,10,"True","2021-04-03",0,6,7,"True","True","True"
"12806",15055,47274,"رمزارز",19,"REACH",69,10,"True","2022-02-07",0,7,7,"True","True","False"
"13210",7567,13678,"آشپزی",21,"REACH",20,10,"True","2021-09-05",0,8,7,"True","True","True"
"13211",7567,13678,"آشپزی",2,"REACH",20,10,"True","2021-09-05",0,8,7,"True","True","True"
